INSTRUMENTATION_STATUS: class=com.yangchengwei.easytrip.trip.ui.TripListContentTest
INSTRUMENTATION_STATUS: current=1
INSTRUMENTATION_STATUS: id=AndroidJUnitRunner
INSTRUMENTATION_STATUS: numtests=152
INSTRUMENTATION_STATUS: stream=
com.yangchengwei.easytrip.trip.ui.TripListContentTest:
INSTRUMENTATION_STATUS: test=primaryMenuContainsStatusSettingsAndDeleteForBoundTrip
INSTRUMENTATION_STATUS_CODE: 1
INSTRUMENTATION_STATUS: class=com.yangchengwei.easytrip.trip.ui.TripListContentTest
INSTRUMENTATION_STATUS: current=1
INSTRUMENTATION_STATUS: id=AndroidJUnitRunner
INSTRUMENTATION_STATUS: numtests=152
INSTRUMENTATION_STATUS: stream=.
INSTRUMENTATION_STATUS: test=primaryMenuContainsStatusSettingsAndDeleteForBoundTrip
INSTRUMENTATION_STATUS_CODE: 0
INSTRUMENTATION_STATUS: class=com.yangchengwei.easytrip.trip.ui.TripListContentTest
INSTRUMENTATION_STATUS: current=2
INSTRUMENTATION_STATUS: id=AndroidJUnitRunner
INSTRUMENTATION_STATUS: numtests=152
INSTRUMENTATION_STATUS: stream=
INSTRUMENTATION_STATUS: test=manualMarkMovesCardAndCountsWithoutChangingSelectedFilter
INSTRUMENTATION_STATUS_CODE: 1
INSTRUMENTATION_STATUS: class=com.yangchengwei.easytrip.trip.ui.TripListContentTest
INSTRUMENTATION_STATUS: current=2
INSTRUMENTATION_STATUS: id=AndroidJUnitRunner
INSTRUMENTATION_STATUS: numtests=152
INSTRUMENTATION_STATUS: stream=.
INSTRUMENTATION_STATUS: test=manualMarkMovesCardAndCountsWithoutChangingSelectedFilter
INSTRUMENTATION_STATUS_CODE: 0
INSTRUMENTATION_STATUS: class=com.yangchengwei.easytrip.trip.ui.TripListContentTest
INSTRUMENTATION_STATUS: current=3
INSTRUMENTATION_STATUS: id=AndroidJUnitRunner
INSTRUMENTATION_STATUS: numtests=152
INSTRUMENTATION_STATUS: stream=
INSTRUMENTATION_STATUS: test=splitScreenLargeFontKeepsCreateAndAllTripsReachable
INSTRUMENTATION_STATUS_CODE: 1
INSTRUMENTATION_STATUS: class=com.yangchengwei.easytrip.trip.ui.TripListContentTest
INSTRUMENTATION_STATUS: current=3
INSTRUMENTATION_STATUS: id=AndroidJUnitRunner
INSTRUMENTATION_STATUS: numtests=152
INSTRUMENTATION_STATUS: stream=.
INSTRUMENTATION_STATUS: test=splitScreenLargeFontKeepsCreateAndAllTripsReachable
INSTRUMENTATION_STATUS_CODE: 0
INSTRUMENTATION_STATUS: class=com.yangchengwei.easytrip.trip.ui.TripListContentTest
INSTRUMENTATION_STATUS: current=4
INSTRUMENTATION_STATUS: id=AndroidJUnitRunner
INSTRUMENTATION_STATUS: numtests=152
INSTRUMENTATION_STATUS: stream=
INSTRUMENTATION_STATUS: test=singleTripKeepsPrimaryAndCreateReachableWithoutOtherTrips
INSTRUMENTATION_STATUS_CODE: 1
INSTRUMENTATION_STATUS: class=com.yangchengwei.easytrip.trip.ui.TripListContentTest
INSTRUMENTATION_STATUS: current=4
INSTRUMENTATION_STATUS: id=AndroidJUnitRunner
INSTRUMENTATION_STATUS: numtests=152
INSTRUMENTATION_STATUS: stream=.
INSTRUMENTATION_STATUS: test=singleTripKeepsPrimaryAndCreateReachableWithoutOtherTrips
INSTRUMENTATION_STATUS_CODE: 0
INSTRUMENTATION_STATUS: class=com.yangchengwei.easytrip.trip.ui.TripListContentTest
INSTRUMENTATION_STATUS: current=5
INSTRUMENTATION_STATUS: id=AndroidJUnitRunner
INSTRUMENTATION_STATUS: numtests=152
INSTRUMENTATION_STATUS: stream=
INSTRUMENTATION_STATUS: test=primaryTripHasOneCardEntryAndIndependentCompactMenu
INSTRUMENTATION_STATUS_CODE: 1
INSTRUMENTATION_STATUS: class=com.yangchengwei.easytrip.trip.ui.TripListContentTest
INSTRUMENTATION_STATUS: current=5
INSTRUMENTATION_STATUS: id=AndroidJUnitRunner
INSTRUMENTATION_STATUS: numtests=152
INSTRUMENTATION_STATUS: stream=.
INSTRUMENTATION_STATUS: test=primaryTripHasOneCardEntryAndIndependentCompactMenu
INSTRUMENTATION_STATUS_CODE: 0
INSTRUMENTATION_STATUS: class=com.yangchengwei.easytrip.trip.ui.TripListContentTest
INSTRUMENTATION_STATUS: current=6
INSTRUMENTATION_STATUS: id=AndroidJUnitRunner
INSTRUMENTATION_STATUS: numtests=152
INSTRUMENTATION_STATUS: stream=
INSTRUMENTATION_STATUS: test=settingsEntryIsAvailableInEmptyStateWithAccessibleTouchTarget
INSTRUMENTATION_STATUS_CODE: 1
INSTRUMENTATION_STATUS: class=com.yangchengwei.easytrip.trip.ui.TripListContentTest
INSTRUMENTATION_STATUS: current=6
INSTRUMENTATION_STATUS: id=AndroidJUnitRunner
INSTRUMENTATION_STATUS: numtests=152
INSTRUMENTATION_STATUS: stream=.
INSTRUMENTATION_STATUS: test=settingsEntryIsAvailableInEmptyStateWithAccessibleTouchTarget
INSTRUMENTATION_STATUS_CODE: 0
INSTRUMENTATION_STATUS: class=com.yangchengwei.easytrip.trip.ui.TripListContentTest
INSTRUMENTATION_STATUS: current=7
INSTRUMENTATION_STATUS: id=AndroidJUnitRunner
INSTRUMENTATION_STATUS: numtests=152
INSTRUMENTATION_STATUS: stream=
INSTRUMENTATION_STATUS: test=scrollingOtherTripsKeepsHeaderPrimaryAndCreateBoundsFixed
INSTRUMENTATION_STATUS_CODE: 1
INSTRUMENTATION_STATUS: class=com.yangchengwei.easytrip.trip.ui.TripListContentTest
INSTRUMENTATION_STATUS: current=7
INSTRUMENTATION_STATUS: id=AndroidJUnitRunner
INSTRUMENTATION_STATUS: numtests=152
INSTRUMENTATION_STATUS: stack=java.lang.AssertionError: Failed to retrieve bounds of the node.
Reason: Expected exactly '1' node but could not find any node that satisfies: (TestTag = 'primary-trip-trip-primary')

	at androidx.compose.ui.test.SemanticsNodeInteraction.fetchOneOrThrow(SemanticsNodeInteraction.kt:178)
	at androidx.compose.ui.test.SemanticsNodeInteraction.fetchOneOrThrow$default(SemanticsNodeInteraction.kt:150)
	at androidx.compose.ui.test.SemanticsNodeInteraction.fetchSemanticsNode(SemanticsNodeInteraction.kt:84)
	at androidx.compose.ui.test.BoundsAssertionsKt.withUnclippedBoundsInRoot(BoundsAssertions.kt:259)
	at androidx.compose.ui.test.BoundsAssertionsKt.getUnclippedBoundsInRoot(BoundsAssertions.kt:150)
	at com.yangchengwei.easytrip.trip.ui.TripListContentTest.scrollingOtherTripsKeepsHeaderPrimaryAndCreateBoundsFixed(TripListContentTest.kt:300)

INSTRUMENTATION_STATUS: stream=
Error in scrollingOtherTripsKeepsHeaderPrimaryAndCreateBoundsFixed(com.yangchengwei.easytrip.trip.ui.TripListContentTest):
java.lang.AssertionError: Failed to retrieve bounds of the node.
Reason: Expected exactly '1' node but could not find any node that satisfies: (TestTag = 'primary-trip-trip-primary')

	at androidx.compose.ui.test.SemanticsNodeInteraction.fetchOneOrThrow(SemanticsNodeInteraction.kt:178)
	at androidx.compose.ui.test.SemanticsNodeInteraction.fetchOneOrThrow$default(SemanticsNodeInteraction.kt:150)
	at androidx.compose.ui.test.SemanticsNodeInteraction.fetchSemanticsNode(SemanticsNodeInteraction.kt:84)
	at androidx.compose.ui.test.BoundsAssertionsKt.withUnclippedBoundsInRoot(BoundsAssertions.kt:259)
	at androidx.compose.ui.test.BoundsAssertionsKt.getUnclippedBoundsInRoot(BoundsAssertions.kt:150)
	at com.yangchengwei.easytrip.trip.ui.TripListContentTest.scrollingOtherTripsKeepsHeaderPrimaryAndCreateBoundsFixed(TripListContentTest.kt:300)

INSTRUMENTATION_STATUS: test=scrollingOtherTripsKeepsHeaderPrimaryAndCreateBoundsFixed
INSTRUMENTATION_STATUS_CODE: -2
INSTRUMENTATION_STATUS: class=com.yangchengwei.easytrip.trip.ui.TripListContentTest
INSTRUMENTATION_STATUS: current=8
INSTRUMENTATION_STATUS: id=AndroidJUnitRunner
INSTRUMENTATION_STATUS: numtests=152
INSTRUMENTATION_STATUS: stream=
INSTRUMENTATION_STATUS: test=contentCreateActionIsA132By48RightAlignedFixedButton
INSTRUMENTATION_STATUS_CODE: 1
INSTRUMENTATION_STATUS: class=com.yangchengwei.easytrip.trip.ui.TripListContentTest
INSTRUMENTATION_STATUS: current=8
INSTRUMENTATION_STATUS: id=AndroidJUnitRunner
INSTRUMENTATION_STATUS: numtests=152
INSTRUMENTATION_STATUS: stack=java.lang.AssertionError: Failed to retrieve bounds of the node.
Reason: Expected exactly '1' node but could not find any node that satisfies: (TestTag = 'primary-trip-trip-primary')

	at androidx.compose.ui.test.SemanticsNodeInteraction.fetchOneOrThrow(SemanticsNodeInteraction.kt:178)
	at androidx.compose.ui.test.SemanticsNodeInteraction.fetchOneOrThrow$default(SemanticsNodeInteraction.kt:150)
	at androidx.compose.ui.test.SemanticsNodeInteraction.fetchSemanticsNode(SemanticsNodeInteraction.kt:84)
	at androidx.compose.ui.test.BoundsAssertionsKt.withUnclippedBoundsInRoot(BoundsAssertions.kt:259)
	at androidx.compose.ui.test.BoundsAssertionsKt.getUnclippedBoundsInRoot(BoundsAssertions.kt:150)
	at com.yangchengwei.easytrip.trip.ui.TripListContentTest.contentCreateActionIsA132By48RightAlignedFixedButton(TripListContentTest.kt:188)

INSTRUMENTATION_STATUS: stream=
Error in contentCreateActionIsA132By48RightAlignedFixedButton(com.yangchengwei.easytrip.trip.ui.TripListContentTest):
java.lang.AssertionError: Failed to retrieve bounds of the node.
Reason: Expected exactly '1' node but could not find any node that satisfies: (TestTag = 'primary-trip-trip-primary')

	at androidx.compose.ui.test.SemanticsNodeInteraction.fetchOneOrThrow(SemanticsNodeInteraction.kt:178)
	at androidx.compose.ui.test.SemanticsNodeInteraction.fetchOneOrThrow$default(SemanticsNodeInteraction.kt:150)
	at androidx.compose.ui.test.SemanticsNodeInteraction.fetchSemanticsNode(SemanticsNodeInteraction.kt:84)
	at androidx.compose.ui.test.BoundsAssertionsKt.withUnclippedBoundsInRoot(BoundsAssertions.kt:259)
	at androidx.compose.ui.test.BoundsAssertionsKt.getUnclippedBoundsInRoot(BoundsAssertions.kt:150)
	at com.yangchengwei.easytrip.trip.ui.TripListContentTest.contentCreateActionIsA132By48RightAlignedFixedButton(TripListContentTest.kt:188)

INSTRUMENTATION_STATUS: test=contentCreateActionIsA132By48RightAlignedFixedButton
INSTRUMENTATION_STATUS_CODE: -2
INSTRUMENTATION_STATUS: class=com.yangchengwei.easytrip.trip.ui.TripListContentTest
INSTRUMENTATION_STATUS: current=9
INSTRUMENTATION_STATUS: id=AndroidJUnitRunner
INSTRUMENTATION_STATUS: numtests=152
INSTRUMENTATION_STATUS: stream=
INSTRUMENTATION_STATUS: test=otherTripRowKeepsSingleEntrySemanticsWithSeparateMenuAndDecorativeArrow
INSTRUMENTATION_STATUS_CODE: 1
INSTRUMENTATION_STATUS: class=com.yangchengwei.easytrip.trip.ui.TripListContentTest
INSTRUMENTATION_STATUS: current=9
INSTRUMENTATION_STATUS: id=AndroidJUnitRunner
INSTRUMENTATION_STATUS: numtests=152
INSTRUMENTATION_STATUS: stream=.
INSTRUMENTATION_STATUS: test=otherTripRowKeepsSingleEntrySemanticsWithSeparateMenuAndDecorativeArrow
INSTRUMENTATION_STATUS_CODE: 0
INSTRUMENTATION_STATUS: class=com.yangchengwei.easytrip.trip.ui.TripListContentTest
INSTRUMENTATION_STATUS: current=10
INSTRUMENTATION_STATUS: id=AndroidJUnitRunner
INSTRUMENTATION_STATUS: numtests=152
INSTRUMENTATION_STATUS: stream=
INSTRUMENTATION_STATUS: test=narrowLargeFontLayoutKeepsFixedActionsAndOtherTripsReachable
INSTRUMENTATION_STATUS_CODE: 1
INSTRUMENTATION_STATUS: class=com.yangchengwei.easytrip.trip.ui.TripListContentTest
INSTRUMENTATION_STATUS: current=10
INSTRUMENTATION_STATUS: id=AndroidJUnitRunner
INSTRUMENTATION_STATUS: numtests=152
INSTRUMENTATION_STATUS: stream=.
INSTRUMENTATION_STATUS: test=narrowLargeFontLayoutKeepsFixedActionsAndOtherTripsReachable
INSTRUMENTATION_STATUS_CODE: 0
INSTRUMENTATION_STATUS: class=com.yangchengwei.easytrip.trip.ui.TripListContentTest
INSTRUMENTATION_STATUS: current=11
INSTRUMENTATION_STATUS: id=AndroidJUnitRunner
INSTRUMENTATION_STATUS: numtests=152
INSTRUMENTATION_STATUS: stream=
INSTRUMENTATION_STATUS: test=quarterReadinessUsesOneContinuousTrackWithoutTrailingStopIndicator
INSTRUMENTATION_STATUS_CODE: 1
INSTRUMENTATION_STATUS: class=com.yangchengwei.easytrip.trip.ui.TripListContentTest
INSTRUMENTATION_STATUS: current=11
INSTRUMENTATION_STATUS: id=AndroidJUnitRunner
INSTRUMENTATION_STATUS: numtests=152
INSTRUMENTATION_STATUS: stream=.
INSTRUMENTATION_STATUS: test=quarterReadinessUsesOneContinuousTrackWithoutTrailingStopIndicator
INSTRUMENTATION_STATUS_CODE: 0
INSTRUMENTATION_STATUS: class=com.yangchengwei.easytrip.trip.ui.TripListContentTest
INSTRUMENTATION_STATUS: current=12
INSTRUMENTATION_STATUS: id=AndroidJUnitRunner
INSTRUMENTATION_STATUS: numtests=152
INSTRUMENTATION_STATUS: stream=
INSTRUMENTATION_STATUS: test=longNamesAtNarrowWidthAndLargeFontKeepActionsReachable
INSTRUMENTATION_STATUS_CODE: 1
INSTRUMENTATION_STATUS: class=com.yangchengwei.easytrip.trip.ui.TripListContentTest
INSTRUMENTATION_STATUS: current=12
INSTRUMENTATION_STATUS: id=AndroidJUnitRunner
INSTRUMENTATION_STATUS: numtests=152
INSTRUMENTATION_STATUS: stack=java.lang.AssertionError: Assert failed: The component with TestTag = 'other-trip-trip-other' is not displayed!
	at androidx.compose.ui.test.AssertionsKt.assertIsDisplayed(Assertions.kt:34)
	at com.yangchengwei.easytrip.trip.ui.TripListContentTest.longNamesAtNarrowWidthAndLargeFontKeepActionsReachable(TripListContentTest.kt:464)

INSTRUMENTATION_STATUS: stream=
Error in longNamesAtNarrowWidthAndLargeFontKeepActionsReachable(com.yangchengwei.easytrip.trip.ui.TripListContentTest):
java.lang.AssertionError: Assert failed: The component with TestTag = 'other-trip-trip-other' is not displayed!
	at androidx.compose.ui.test.AssertionsKt.assertIsDisplayed(Assertions.kt:34)
	at com.yangchengwei.easytrip.trip.ui.TripListContentTest.longNamesAtNarrowWidthAndLargeFontKeepActionsReachable(TripListContentTest.kt:464)

INSTRUMENTATION_STATUS: test=longNamesAtNarrowWidthAndLargeFontKeepActionsReachable
INSTRUMENTATION_STATUS_CODE: -2
INSTRUMENTATION_STATUS: class=com.yangchengwei.easytrip.trip.ui.TripListContentTest
INSTRUMENTATION_STATUS: current=13
INSTRUMENTATION_STATUS: id=AndroidJUnitRunner
INSTRUMENTATION_STATUS: numtests=152
INSTRUMENTATION_STATUS: stream=
INSTRUMENTATION_STATUS: test=emptyTripsUsesSharedIllustratedState
INSTRUMENTATION_STATUS_CODE: 1
INSTRUMENTATION_STATUS: class=com.yangchengwei.easytrip.trip.ui.TripListContentTest
INSTRUMENTATION_STATUS: current=13
INSTRUMENTATION_STATUS: id=AndroidJUnitRunner
INSTRUMENTATION_STATUS: numtests=152
INSTRUMENTATION_STATUS: stream=.
INSTRUMENTATION_STATUS: test=emptyTripsUsesSharedIllustratedState
INSTRUMENTATION_STATUS_CODE: 0
INSTRUMENTATION_STATUS: class=com.yangchengwei.easytrip.trip.ui.TripListContentTest
INSTRUMENTATION_STATUS: current=14
INSTRUMENTATION_STATUS: id=AndroidJUnitRunner
INSTRUMENTATION_STATUS: numtests=152
INSTRUMENTATION_STATUS: stream=
INSTRUMENTATION_STATUS: test=otherTripMenuIsBoundToStableTripId
INSTRUMENTATION_STATUS_CODE: 1
INSTRUMENTATION_STATUS: class=com.yangchengwei.easytrip.trip.ui.TripListContentTest
INSTRUMENTATION_STATUS: current=14
INSTRUMENTATION_STATUS: id=AndroidJUnitRunner
INSTRUMENTATION_STATUS: numtests=152
INSTRUMENTATION_STATUS: stack=java.lang.AssertionError: Failed to inject touch input.
Reason: Expected exactly '1' node but could not find any node that satisfies: (TestTag = 'trip-menu-delete-trip-2')

	at androidx.compose.ui.test.SemanticsNodeInteraction.fetchOneOrThrow(SemanticsNodeInteraction.kt:178)
	at androidx.compose.ui.test.SemanticsNodeInteraction.fetchOneOrThrow$default(SemanticsNodeInteraction.kt:150)
	at androidx.compose.ui.test.SemanticsNodeInteraction.fetchSemanticsNode(SemanticsNodeInteraction.kt:84)
	at androidx.compose.ui.test.ActionsKt.performTouchInput(Actions.kt:402)
	at androidx.compose.ui.test.AndroidActions.performClickImpl(Actions.android.kt:23)
	at androidx.compose.ui.test.ActionsKt.performClick(Actions.kt:60)
	at com.yangchengwei.easytrip.trip.ui.TripListContentTest.otherTripMenuIsBoundToStableTripId(TripListContentTest.kt:409)

INSTRUMENTATION_STATUS: stream=
Error in otherTripMenuIsBoundToStableTripId(com.yangchengwei.easytrip.trip.ui.TripListContentTest):
java.lang.AssertionError: Failed to inject touch input.
Reason: Expected exactly '1' node but could not find any node that satisfies: (TestTag = 'trip-menu-delete-trip-2')

	at androidx.compose.ui.test.SemanticsNodeInteraction.fetchOneOrThrow(SemanticsNodeInteraction.kt:178)
	at androidx.compose.ui.test.SemanticsNodeInteraction.fetchOneOrThrow$default(SemanticsNodeInteraction.kt:150)
	at androidx.compose.ui.test.SemanticsNodeInteraction.fetchSemanticsNode(SemanticsNodeInteraction.kt:84)
	at androidx.compose.ui.test.ActionsKt.performTouchInput(Actions.kt:402)
	at androidx.compose.ui.test.AndroidActions.performClickImpl(Actions.android.kt:23)
	at androidx.compose.ui.test.ActionsKt.performClick(Actions.kt:60)
	at com.yangchengwei.easytrip.trip.ui.TripListContentTest.otherTripMenuIsBoundToStableTripId(TripListContentTest.kt:409)

INSTRUMENTATION_STATUS: test=otherTripMenuIsBoundToStableTripId
INSTRUMENTATION_STATUS_CODE: -2
INSTRUMENTATION_STATUS: class=com.yangchengwei.easytrip.trip.ui.TripListContentTest
INSTRUMENTATION_STATUS: current=15
INSTRUMENTATION_STATUS: id=AndroidJUnitRunner
INSTRUMENTATION_STATUS: numtests=152
INSTRUMENTATION_STATUS: stream=
INSTRUMENTATION_STATUS: test=primaryTripMenuActionDoesNotOpenTheCard
INSTRUMENTATION_STATUS_CODE: 1
INSTRUMENTATION_STATUS: class=com.yangchengwei.easytrip.trip.ui.TripListContentTest
INSTRUMENTATION_STATUS: current=15
INSTRUMENTATION_STATUS: id=AndroidJUnitRunner
INSTRUMENTATION_STATUS: numtests=152
INSTRUMENTATION_STATUS: stream=.
INSTRUMENTATION_STATUS: test=primaryTripMenuActionDoesNotOpenTheCard
INSTRUMENTATION_STATUS_CODE: 0
INSTRUMENTATION_STATUS: class=com.yangchengwei.easytrip.trip.ui.TripListContentTest
INSTRUMENTATION_STATUS: current=16
INSTRUMENTATION_STATUS: id=AndroidJUnitRunner
INSTRUMENTATION_STATUS: numtests=152
INSTRUMENTATION_STATUS: stream=
INSTRUMENTATION_STATUS: test=primaryTripShowsCountdownPillAndAccessibleRealReadinessProgress
INSTRUMENTATION_STATUS_CODE: 1
INSTRUMENTATION_STATUS: class=com.yangchengwei.easytrip.trip.ui.TripListContentTest
INSTRUMENTATION_STATUS: current=16
INSTRUMENTATION_STATUS: id=AndroidJUnitRunner
INSTRUMENTATION_STATUS: numtests=152
INSTRUMENTATION_STATUS: stream=.
INSTRUMENTATION_STATUS: test=primaryTripShowsCountdownPillAndAccessibleRealReadinessProgress
INSTRUMENTATION_STATUS_CODE: 0
INSTRUMENTATION_STATUS: class=com.yangchengwei.easytrip.trip.ui.TripListContentTest
INSTRUMENTATION_STATUS: current=17
INSTRUMENTATION_STATUS: id=AndroidJUnitRunner
INSTRUMENTATION_STATUS: numtests=152
INSTRUMENTATION_STATUS: stream=
INSTRUMENTATION_STATUS: test=narrowLargeFontContentUsesCompactScrollBeforePrimaryOverlapsOtherTrips
INSTRUMENTATION_STATUS_CODE: 1
INSTRUMENTATION_STATUS: class=com.yangchengwei.easytrip.trip.ui.TripListContentTest
INSTRUMENTATION_STATUS: current=17
INSTRUMENTATION_STATUS: id=AndroidJUnitRunner
INSTRUMENTATION_STATUS: numtests=152
INSTRUMENTATION_STATUS: stream=.
INSTRUMENTATION_STATUS: test=narrowLargeFontContentUsesCompactScrollBeforePrimaryOverlapsOtherTrips
INSTRUMENTATION_STATUS_CODE: 0
INSTRUMENTATION_STATUS: class=com.yangchengwei.easytrip.trip.ui.TripListContentTest
INSTRUMENTATION_STATUS: current=18
INSTRUMENTATION_STATUS: id=AndroidJUnitRunner
INSTRUMENTATION_STATUS: numtests=152
INSTRUMENTATION_STATUS: stream=
INSTRUMENTATION_STATUS: test=nonZeroTripFixtureExposesCountsAndReadiness
INSTRUMENTATION_STATUS_CODE: 1
INSTRUMENTATION_STATUS: class=com.yangchengwei.easytrip.trip.ui.TripListContentTest
INSTRUMENTATION_STATUS: current=18
INSTRUMENTATION_STATUS: id=AndroidJUnitRunner
INSTRUMENTATION_STATUS: numtests=152
INSTRUMENTATION_STATUS: stream=.
INSTRUMENTATION_STATUS: test=nonZeroTripFixtureExposesCountsAndReadiness
INSTRUMENTATION_STATUS_CODE: 0
INSTRUMENTATION_STATUS: class=com.yangchengwei.easytrip.trip.ui.TripListContentTest
INSTRUMENTATION_STATUS: current=19
INSTRUMENTATION_STATUS: id=AndroidJUnitRunner
INSTRUMENTATION_STATUS: numtests=152
INSTRUMENTATION_STATUS: stream=
INSTRUMENTATION_STATUS: test=emptyStateUsesRemainingSpaceWithoutFixedHeight
INSTRUMENTATION_STATUS_CODE: 1
INSTRUMENTATION_STATUS: class=com.yangchengwei.easytrip.trip.ui.TripListContentTest
INSTRUMENTATION_STATUS: current=19
INSTRUMENTATION_STATUS: id=AndroidJUnitRunner
INSTRUMENTATION_STATUS: numtests=152
INSTRUMENTATION_STATUS: stream=.
INSTRUMENTATION_STATUS: test=emptyStateUsesRemainingSpaceWithoutFixedHeight
INSTRUMENTATION_STATUS_CODE: 0
INSTRUMENTATION_STATUS: class=com.yangchengwei.easytrip.trip.ui.TripListContentTest
INSTRUMENTATION_STATUS: current=20
INSTRUMENTATION_STATUS: id=AndroidJUnitRunner
INSTRUMENTATION_STATUS: numtests=152
INSTRUMENTATION_STATUS: stream=
INSTRUMENTATION_STATUS: test=errorStateKeepsCreateAndRetryActions
INSTRUMENTATION_STATUS_CODE: 1
INSTRUMENTATION_STATUS: class=com.yangchengwei.easytrip.trip.ui.TripListContentTest
INSTRUMENTATION_STATUS: current=20
INSTRUMENTATION_STATUS: id=AndroidJUnitRunner
INSTRUMENTATION_STATUS: numtests=152
INSTRUMENTATION_STATUS: stream=.
INSTRUMENTATION_STATUS: test=errorStateKeepsCreateAndRetryActions
INSTRUMENTATION_STATUS_CODE: 0
INSTRUMENTATION_STATUS: class=com.yangchengwei.easytrip.trip.ui.TripListContentTest
INSTRUMENTATION_STATUS: current=21
INSTRUMENTATION_STATUS: id=AndroidJUnitRunner
INSTRUMENTATION_STATUS: numtests=152
INSTRUMENTATION_STATUS: stream=
INSTRUMENTATION_STATUS: test=savingStatusDisablesOnlyStatusMenuAndDisplaysFailureMessage
INSTRUMENTATION_STATUS_CODE: 1
INSTRUMENTATION_STATUS: class=com.yangchengwei.easytrip.trip.ui.TripListContentTest
INSTRUMENTATION_STATUS: current=21
INSTRUMENTATION_STATUS: id=AndroidJUnitRunner
INSTRUMENTATION_STATUS: numtests=152
INSTRUMENTATION_STATUS: stream=.
INSTRUMENTATION_STATUS: test=savingStatusDisablesOnlyStatusMenuAndDisplaysFailureMessage
INSTRUMENTATION_STATUS_CODE: 0
INSTRUMENTATION_STATUS: class=com.yangchengwei.easytrip.trip.ui.TripListContentTest
INSTRUMENTATION_STATUS: current=22
INSTRUMENTATION_STATUS: id=AndroidJUnitRunner
INSTRUMENTATION_STATUS: numtests=152
INSTRUMENTATION_STATUS: stream=
INSTRUMENTATION_STATUS: test=tallSingleTripAtLargeFontScrollsWithoutOverlappingTheFixedCreateAction
INSTRUMENTATION_STATUS_CODE: 1
INSTRUMENTATION_STATUS: class=com.yangchengwei.easytrip.trip.ui.TripListContentTest
INSTRUMENTATION_STATUS: current=22
INSTRUMENTATION_STATUS: id=AndroidJUnitRunner
INSTRUMENTATION_STATUS: numtests=152
INSTRUMENTATION_STATUS: stream=.
INSTRUMENTATION_STATUS: test=tallSingleTripAtLargeFontScrollsWithoutOverlappingTheFixedCreateAction
INSTRUMENTATION_STATUS_CODE: 0
INSTRUMENTATION_STATUS: class=com.yangchengwei.easytrip.trip.ui.CreateTripContentTest
INSTRUMENTATION_STATUS: current=23
INSTRUMENTATION_STATUS: id=AndroidJUnitRunner
INSTRUMENTATION_STATUS: numtests=152
INSTRUMENTATION_STATUS: stream=
com.yangchengwei.easytrip.trip.ui.CreateTripContentTest:
INSTRUMENTATION_STATUS: test=dateRangeDescriptionShowsInclusiveEndAndDerivedDays
INSTRUMENTATION_STATUS_CODE: 1
INSTRUMENTATION_STATUS: class=com.yangchengwei.easytrip.trip.ui.CreateTripContentTest
INSTRUMENTATION_STATUS: current=23
INSTRUMENTATION_STATUS: id=AndroidJUnitRunner
INSTRUMENTATION_STATUS: numtests=152
INSTRUMENTATION_STATUS: stream=.
INSTRUMENTATION_STATUS: test=dateRangeDescriptionShowsInclusiveEndAndDerivedDays
INSTRUMENTATION_STATUS_CODE: 0
INSTRUMENTATION_STATUS: class=com.yangchengwei.easytrip.trip.ui.CreateTripContentTest
INSTRUMENTATION_STATUS: current=24
INSTRUMENTATION_STATUS: id=AndroidJUnitRunner
INSTRUMENTATION_STATUS: numtests=152
INSTRUMENTATION_STATUS: stream=
INSTRUMENTATION_STATUS: test=rangeSheetConfirmsAtomicallyAndCancelDoesNotEmitAction
INSTRUMENTATION_STATUS_CODE: 1
INSTRUMENTATION_STATUS: class=com.yangchengwei.easytrip.trip.ui.CreateTripContentTest
INSTRUMENTATION_STATUS: current=24
INSTRUMENTATION_STATUS: id=AndroidJUnitRunner
INSTRUMENTATION_STATUS: numtests=152
INSTRUMENTATION_STATUS: stream=.
INSTRUMENTATION_STATUS: test=rangeSheetConfirmsAtomicallyAndCancelDoesNotEmitAction
INSTRUMENTATION_STATUS_CODE: 0
INSTRUMENTATION_STATUS: class=com.yangchengwei.easytrip.trip.ui.CreateTripContentTest
INSTRUMENTATION_STATUS: current=25
INSTRUMENTATION_STATUS: id=AndroidJUnitRunner
INSTRUMENTATION_STATUS: numtests=152
INSTRUMENTATION_STATUS: stream=
INSTRUMENTATION_STATUS: test=rangeControlAndSubmitRemainReachableAtLargeFont
INSTRUMENTATION_STATUS_CODE: 1
INSTRUMENTATION_STATUS: class=com.yangchengwei.easytrip.trip.ui.CreateTripContentTest
INSTRUMENTATION_STATUS: current=25
INSTRUMENTATION_STATUS: id=AndroidJUnitRunner
INSTRUMENTATION_STATUS: numtests=152
INSTRUMENTATION_STATUS: stream=.
INSTRUMENTATION_STATUS: test=rangeControlAndSubmitRemainReachableAtLargeFont
INSTRUMENTATION_STATUS_CODE: 0
INSTRUMENTATION_STATUS: class=com.yangchengwei.easytrip.trip.ui.CreateTripContentTest
INSTRUMENTATION_STATUS: current=26
INSTRUMENTATION_STATUS: id=AndroidJUnitRunner
INSTRUMENTATION_STATUS: numtests=152
INSTRUMENTATION_STATUS: stream=
INSTRUMENTATION_STATUS: test=datedSubmissionStillCreatesInclusiveRange
INSTRUMENTATION_STATUS_CODE: 1
INSTRUMENTATION_STATUS: class=com.yangchengwei.easytrip.trip.ui.CreateTripContentTest
INSTRUMENTATION_STATUS: current=26
INSTRUMENTATION_STATUS: id=AndroidJUnitRunner
INSTRUMENTATION_STATUS: numtests=152
INSTRUMENTATION_STATUS: stream=.
INSTRUMENTATION_STATUS: test=datedSubmissionStillCreatesInclusiveRange
INSTRUMENTATION_STATUS_CODE: 0
INSTRUMENTATION_STATUS: class=com.yangchengwei.easytrip.trip.ui.CreateTripContentTest
INSTRUMENTATION_STATUS: current=27
INSTRUMENTATION_STATUS: id=AndroidJUnitRunner
INSTRUMENTATION_STATUS: numtests=152
INSTRUMENTATION_STATUS: stream=
INSTRUMENTATION_STATUS: test=formHasRangeControlWithoutLegacyDayCountOrTimeModeControls
INSTRUMENTATION_STATUS_CODE: 1
INSTRUMENTATION_STATUS: class=com.yangchengwei.easytrip.trip.ui.CreateTripContentTest
INSTRUMENTATION_STATUS: current=27
INSTRUMENTATION_STATUS: id=AndroidJUnitRunner
INSTRUMENTATION_STATUS: numtests=152
INSTRUMENTATION_STATUS: stream=.
INSTRUMENTATION_STATUS: test=formHasRangeControlWithoutLegacyDayCountOrTimeModeControls
INSTRUMENTATION_STATUS_CODE: 0
INSTRUMENTATION_STATUS: class=com.yangchengwei.easytrip.trip.ui.CreateTripContentTest
INSTRUMENTATION_STATUS: current=28
INSTRUMENTATION_STATUS: id=AndroidJUnitRunner
INSTRUMENTATION_STATUS: numtests=152
INSTRUMENTATION_STATUS: stream=
INSTRUMENTATION_STATUS: test=blankNameShowsErrorThenNameOnlyCreatesUndatedTrip
INSTRUMENTATION_STATUS_CODE: 1
INSTRUMENTATION_STATUS: class=com.yangchengwei.easytrip.trip.ui.CreateTripContentTest
INSTRUMENTATION_STATUS: current=28
INSTRUMENTATION_STATUS: id=AndroidJUnitRunner
INSTRUMENTATION_STATUS: numtests=152
INSTRUMENTATION_STATUS: stream=.
INSTRUMENTATION_STATUS: test=blankNameShowsErrorThenNameOnlyCreatesUndatedTrip
INSTRUMENTATION_STATUS_CODE: 0
INSTRUMENTATION_STATUS: class=com.yangchengwei.easytrip.trip.ui.CreateTripContentTest
INSTRUMENTATION_STATUS: current=29
INSTRUMENTATION_STATUS: id=AndroidJUnitRunner
INSTRUMENTATION_STATUS: numtests=152
INSTRUMENTATION_STATUS: stream=
INSTRUMENTATION_STATUS: test=submittingLocksRangeAndSubmit
INSTRUMENTATION_STATUS_CODE: 1
INSTRUMENTATION_STATUS: class=com.yangchengwei.easytrip.trip.ui.CreateTripContentTest
INSTRUMENTATION_STATUS: current=29
INSTRUMENTATION_STATUS: id=AndroidJUnitRunner
INSTRUMENTATION_STATUS: numtests=152
INSTRUMENTATION_STATUS: stream=.
INSTRUMENTATION_STATUS: test=submittingLocksRangeAndSubmit
INSTRUMENTATION_STATUS_CODE: 0
INSTRUMENTATION_STATUS: class=com.yangchengwei.easytrip.trip.ui.CreateTripContentTest
INSTRUMENTATION_STATUS: current=30
INSTRUMENTATION_STATUS: id=AndroidJUnitRunner
INSTRUMENTATION_STATUS: numtests=152
INSTRUMENTATION_STATUS: stream=
INSTRUMENTATION_STATUS: test=selectedDatesCanBeClearedBeforeCreatingUndatedTrip
INSTRUMENTATION_STATUS_CODE: 1
INSTRUMENTATION_STATUS: class=com.yangchengwei.easytrip.trip.ui.CreateTripContentTest
INSTRUMENTATION_STATUS: current=30
INSTRUMENTATION_STATUS: id=AndroidJUnitRunner
INSTRUMENTATION_STATUS: numtests=152
INSTRUMENTATION_STATUS: stream=.
INSTRUMENTATION_STATUS: test=selectedDatesCanBeClearedBeforeCreatingUndatedTrip
INSTRUMENTATION_STATUS_CODE: 0
INSTRUMENTATION_STATUS: class=com.yangchengwei.easytrip.trip.ui.CreateTripContentTest
INSTRUMENTATION_STATUS: current=31
INSTRUMENTATION_STATUS: id=AndroidJUnitRunner
INSTRUMENTATION_STATUS: numtests=152
INSTRUMENTATION_STATUS: stream=
INSTRUMENTATION_STATUS: test=clearDatesIsReachableAtLargeFontWithoutOpeningPicker
INSTRUMENTATION_STATUS_CODE: 1
INSTRUMENTATION_STATUS: class=com.yangchengwei.easytrip.trip.ui.CreateTripContentTest
INSTRUMENTATION_STATUS: current=31
INSTRUMENTATION_STATUS: id=AndroidJUnitRunner
INSTRUMENTATION_STATUS: numtests=152
INSTRUMENTATION_STATUS: stack=java.lang.AssertionError: Assert failed: The component with TestTag = 'create-clear-dates' is not displayed!
	at androidx.compose.ui.test.AssertionsKt.assertIsDisplayed(Assertions.kt:34)
	at com.yangchengwei.easytrip.trip.ui.CreateTripContentTest.clearDatesIsReachableAtLargeFontWithoutOpeningPicker(CreateTripContentTest.kt:209)

INSTRUMENTATION_STATUS: stream=
Error in clearDatesIsReachableAtLargeFontWithoutOpeningPicker(com.yangchengwei.easytrip.trip.ui.CreateTripContentTest):
java.lang.AssertionError: Assert failed: The component with TestTag = 'create-clear-dates' is not displayed!
	at androidx.compose.ui.test.AssertionsKt.assertIsDisplayed(Assertions.kt:34)
	at com.yangchengwei.easytrip.trip.ui.CreateTripContentTest.clearDatesIsReachableAtLargeFontWithoutOpeningPicker(CreateTripContentTest.kt:209)

INSTRUMENTATION_STATUS: test=clearDatesIsReachableAtLargeFontWithoutOpeningPicker
INSTRUMENTATION_STATUS_CODE: -2
INSTRUMENTATION_STATUS: class=com.yangchengwei.easytrip.trip.ui.CreateTripContentTest
INSTRUMENTATION_STATUS: current=32
INSTRUMENTATION_STATUS: id=AndroidJUnitRunner
INSTRUMENTATION_STATUS: numtests=152
INSTRUMENTATION_STATUS: stream=
INSTRUMENTATION_STATUS: test=rangeSheetIsModalAndBackgroundHasNoSemantics
INSTRUMENTATION_STATUS_CODE: 1
INSTRUMENTATION_STATUS: class=com.yangchengwei.easytrip.trip.ui.CreateTripContentTest
INSTRUMENTATION_STATUS: current=32
INSTRUMENTATION_STATUS: id=AndroidJUnitRunner
INSTRUMENTATION_STATUS: numtests=152
INSTRUMENTATION_STATUS: stream=.
INSTRUMENTATION_STATUS: test=rangeSheetIsModalAndBackgroundHasNoSemantics
INSTRUMENTATION_STATUS_CODE: 0
INSTRUMENTATION_STATUS: class=com.yangchengwei.easytrip.trip.ui.TripSettingsContentTest
INSTRUMENTATION_STATUS: current=33
INSTRUMENTATION_STATUS: id=AndroidJUnitRunner
INSTRUMENTATION_STATUS: numtests=152
INSTRUMENTATION_STATUS: stream=
com.yangchengwei.easytrip.trip.ui.TripSettingsContentTest:
INSTRUMENTATION_STATUS: test=awaitingRoomLocksBackInputDeleteApplyAndConfirmationDismiss
INSTRUMENTATION_STATUS_CODE: 1
INSTRUMENTATION_STATUS: class=com.yangchengwei.easytrip.trip.ui.TripSettingsContentTest
INSTRUMENTATION_STATUS: current=33
INSTRUMENTATION_STATUS: id=AndroidJUnitRunner
INSTRUMENTATION_STATUS: numtests=152
INSTRUMENTATION_STATUS: stream=.
INSTRUMENTATION_STATUS: test=awaitingRoomLocksBackInputDeleteApplyAndConfirmationDismiss
INSTRUMENTATION_STATUS_CODE: 0
INSTRUMENTATION_STATUS: class=com.yangchengwei.easytrip.trip.ui.TripSettingsContentTest
INSTRUMENTATION_STATUS: current=34
INSTRUMENTATION_STATUS: id=AndroidJUnitRunner
INSTRUMENTATION_STATUS: numtests=152
INSTRUMENTATION_STATUS: stream=
INSTRUMENTATION_STATUS: test=dateEditorKeepsActionsInsideTinyHeightAtTwoTimesFontScale
INSTRUMENTATION_STATUS_CODE: 1
INSTRUMENTATION_STATUS: class=com.yangchengwei.easytrip.trip.ui.TripSettingsContentTest
INSTRUMENTATION_STATUS: current=34
INSTRUMENTATION_STATUS: id=AndroidJUnitRunner
INSTRUMENTATION_STATUS: numtests=152
INSTRUMENTATION_STATUS: stream=.
INSTRUMENTATION_STATUS: test=dateEditorKeepsActionsInsideTinyHeightAtTwoTimesFontScale
INSTRUMENTATION_STATUS_CODE: 0
INSTRUMENTATION_STATUS: class=com.yangchengwei.easytrip.trip.ui.TripSettingsContentTest
INSTRUMENTATION_STATUS: current=35
INSTRUMENTATION_STATUS: id=AndroidJUnitRunner
INSTRUMENTATION_STATUS: numtests=152
INSTRUMENTATION_STATUS: stream=
INSTRUMENTATION_STATUS: test=loadingImpactFailureAndReadyCancellationDispatchWithoutChangingTripContent
INSTRUMENTATION_STATUS_CODE: 1
INSTRUMENTATION_STATUS: class=com.yangchengwei.easytrip.trip.ui.TripSettingsContentTest
INSTRUMENTATION_STATUS: current=35
INSTRUMENTATION_STATUS: id=AndroidJUnitRunner
INSTRUMENTATION_STATUS: numtests=152
INSTRUMENTATION_STATUS: stream=.
INSTRUMENTATION_STATUS: test=loadingImpactFailureAndReadyCancellationDispatchWithoutChangingTripContent
INSTRUMENTATION_STATUS_CODE: 0
INSTRUMENTATION_STATUS: class=com.yangchengwei.easytrip.trip.ui.TripSettingsContentTest
INSTRUMENTATION_STATUS: current=36
INSTRUMENTATION_STATUS: id=AndroidJUnitRunner
INSTRUMENTATION_STATUS: numtests=152
INSTRUMENTATION_STATUS: stream=
INSTRUMENTATION_STATUS: test=applyingLocksDateInputBackDeleteAndDialogDismiss
INSTRUMENTATION_STATUS_CODE: 1
INSTRUMENTATION_STATUS: class=com.yangchengwei.easytrip.trip.ui.TripSettingsContentTest
INSTRUMENTATION_STATUS: current=36
INSTRUMENTATION_STATUS: id=AndroidJUnitRunner
INSTRUMENTATION_STATUS: numtests=152
INSTRUMENTATION_STATUS: stream=.
INSTRUMENTATION_STATUS: test=applyingLocksDateInputBackDeleteAndDialogDismiss
INSTRUMENTATION_STATUS_CODE: 0
INSTRUMENTATION_STATUS: class=com.yangchengwei.easytrip.trip.ui.TripSettingsContentTest
INSTRUMENTATION_STATUS: current=37
INSTRUMENTATION_STATUS: id=AndroidJUnitRunner
INSTRUMENTATION_STATUS: numtests=152
INSTRUMENTATION_STATUS: stream=
INSTRUMENTATION_STATUS: test=deleteTripIsDisabledUntilAuthoritativeSettingsObservationArrives
INSTRUMENTATION_STATUS_CODE: 1
INSTRUMENTATION_STATUS: class=com.yangchengwei.easytrip.trip.ui.TripSettingsContentTest
INSTRUMENTATION_STATUS: current=37
INSTRUMENTATION_STATUS: id=AndroidJUnitRunner
INSTRUMENTATION_STATUS: numtests=152
INSTRUMENTATION_STATUS: stream=.
INSTRUMENTATION_STATUS: test=deleteTripIsDisabledUntilAuthoritativeSettingsObservationArrives
INSTRUMENTATION_STATUS_CODE: 0
INSTRUMENTATION_STATUS: class=com.yangchengwei.easytrip.trip.ui.TripSettingsContentTest
INSTRUMENTATION_STATUS: current=38
INSTRUMENTATION_STATUS: id=AndroidJUnitRunner
INSTRUMENTATION_STATUS: numtests=152
INSTRUMENTATION_STATUS: stream=
INSTRUMENTATION_STATUS: test=syncFailureLocksWritesButAllowsRetryAndBack
INSTRUMENTATION_STATUS_CODE: 1
INSTRUMENTATION_STATUS: class=com.yangchengwei.easytrip.trip.ui.TripSettingsContentTest
INSTRUMENTATION_STATUS: current=38
INSTRUMENTATION_STATUS: id=AndroidJUnitRunner
INSTRUMENTATION_STATUS: numtests=152
INSTRUMENTATION_STATUS: stream=.
INSTRUMENTATION_STATUS: test=syncFailureLocksWritesButAllowsRetryAndBack
INSTRUMENTATION_STATUS_CODE: 0
INSTRUMENTATION_STATUS: class=com.yangchengwei.easytrip.trip.ui.TripSettingsContentTest
INSTRUMENTATION_STATUS: current=39
INSTRUMENTATION_STATUS: id=AndroidJUnitRunner
INSTRUMENTATION_STATUS: numtests=152
INSTRUMENTATION_STATUS: stream=
INSTRUMENTATION_STATUS: test=tripDeletionEntryAndConfirmationRemainReachableAt280DpAndTwoTimesFontScale
INSTRUMENTATION_STATUS_CODE: 1
INSTRUMENTATION_STATUS: class=com.yangchengwei.easytrip.trip.ui.TripSettingsContentTest
INSTRUMENTATION_STATUS: current=39
INSTRUMENTATION_STATUS: id=AndroidJUnitRunner
INSTRUMENTATION_STATUS: numtests=152
INSTRUMENTATION_STATUS: stream=.
INSTRUMENTATION_STATUS: test=tripDeletionEntryAndConfirmationRemainReachableAt280DpAndTwoTimesFontScale
INSTRUMENTATION_STATUS_CODE: 0
INSTRUMENTATION_STATUS: class=com.yangchengwei.easytrip.trip.ui.TripSettingsContentTest
INSTRUMENTATION_STATUS: current=40
INSTRUMENTATION_STATUS: id=AndroidJUnitRunner
INSTRUMENTATION_STATUS: numtests=152
INSTRUMENTATION_STATUS: stream=
INSTRUMENTATION_STATUS: test=dateEditorContentTapDoesNotDismissOrSubmit
INSTRUMENTATION_STATUS_CODE: 1
INSTRUMENTATION_STATUS: class=com.yangchengwei.easytrip.trip.ui.TripSettingsContentTest
INSTRUMENTATION_STATUS: current=40
INSTRUMENTATION_STATUS: id=AndroidJUnitRunner
INSTRUMENTATION_STATUS: numtests=152
INSTRUMENTATION_STATUS: stream=.
INSTRUMENTATION_STATUS: test=dateEditorContentTapDoesNotDismissOrSubmit
INSTRUMENTATION_STATUS_CODE: 0
INSTRUMENTATION_STATUS: class=com.yangchengwei.easytrip.trip.ui.TripSettingsContentTest
INSTRUMENTATION_STATUS: current=41
INSTRUMENTATION_STATUS: id=AndroidJUnitRunner
INSTRUMENTATION_STATUS: numtests=152
INSTRUMENTATION_STATUS: stream=
INSTRUMENTATION_STATUS: test=failedDayPreviewShowsBodyErrorAndExplicitRetry
INSTRUMENTATION_STATUS_CODE: 1
INSTRUMENTATION_STATUS: class=com.yangchengwei.easytrip.trip.ui.TripSettingsContentTest
INSTRUMENTATION_STATUS: current=41
INSTRUMENTATION_STATUS: id=AndroidJUnitRunner
INSTRUMENTATION_STATUS: numtests=152
INSTRUMENTATION_STATUS: stream=.
INSTRUMENTATION_STATUS: test=failedDayPreviewShowsBodyErrorAndExplicitRetry
INSTRUMENTATION_STATUS_CODE: 0
INSTRUMENTATION_STATUS: class=com.yangchengwei.easytrip.trip.ui.TripSettingsContentTest
INSTRUMENTATION_STATUS: current=42
INSTRUMENTATION_STATUS: id=AndroidJUnitRunner
INSTRUMENTATION_STATUS: numtests=152
INSTRUMENTATION_STATUS: stream=
INSTRUMENTATION_STATUS: test=settingsRowsExposeSingleClickActionAndDayDeleteHas48DpTarget
INSTRUMENTATION_STATUS_CODE: 1
INSTRUMENTATION_STATUS: class=com.yangchengwei.easytrip.trip.ui.TripSettingsContentTest
INSTRUMENTATION_STATUS: current=42
INSTRUMENTATION_STATUS: id=AndroidJUnitRunner
INSTRUMENTATION_STATUS: numtests=152
INSTRUMENTATION_STATUS: stream=.
INSTRUMENTATION_STATUS: test=settingsRowsExposeSingleClickActionAndDayDeleteHas48DpTarget
INSTRUMENTATION_STATUS_CODE: 0
INSTRUMENTATION_STATUS: class=com.yangchengwei.easytrip.trip.ui.TripSettingsContentTest
INSTRUMENTATION_STATUS: current=43
INSTRUMENTATION_STATUS: id=AndroidJUnitRunner
INSTRUMENTATION_STATUS: numtests=152
INSTRUMENTATION_STATUS: stream=
INSTRUMENTATION_STATUS: test=settingsDateRowShowsRangeAndDuration
INSTRUMENTATION_STATUS_CODE: 1
INSTRUMENTATION_STATUS: class=com.yangchengwei.easytrip.trip.ui.TripSettingsContentTest
INSTRUMENTATION_STATUS: current=43
INSTRUMENTATION_STATUS: id=AndroidJUnitRunner
INSTRUMENTATION_STATUS: numtests=152
INSTRUMENTATION_STATUS: stream=.
INSTRUMENTATION_STATUS: test=settingsDateRowShowsRangeAndDuration
INSTRUMENTATION_STATUS_CODE: 0
INSTRUMENTATION_STATUS: class=com.yangchengwei.easytrip.trip.ui.TripSettingsContentTest
INSTRUMENTATION_STATUS: current=44
INSTRUMENTATION_STATUS: id=AndroidJUnitRunner
INSTRUMENTATION_STATUS: numtests=152
INSTRUMENTATION_STATUS: stream=
INSTRUMENTATION_STATUS: test=rangePickerBackAndScrimDoNotSubmit
INSTRUMENTATION_STATUS_CODE: 1
INSTRUMENTATION_STATUS: class=com.yangchengwei.easytrip.trip.ui.TripSettingsContentTest
INSTRUMENTATION_STATUS: current=44
INSTRUMENTATION_STATUS: id=AndroidJUnitRunner
INSTRUMENTATION_STATUS: numtests=152
INSTRUMENTATION_STATUS: stream=.
INSTRUMENTATION_STATUS: test=rangePickerBackAndScrimDoNotSubmit
INSTRUMENTATION_STATUS_CODE: 0
INSTRUMENTATION_STATUS: class=com.yangchengwei.easytrip.trip.ui.TripSettingsContentTest
INSTRUMENTATION_STATUS: current=45
INSTRUMENTATION_STATUS: id=AndroidJUnitRunner
INSTRUMENTATION_STATUS: numtests=152
INSTRUMENTATION_STATUS: stream=
INSTRUMENTATION_STATUS: test=rangePickerCancelKeepsSettingsDraftAndDoesNotSubmit
INSTRUMENTATION_STATUS_CODE: 1
INSTRUMENTATION_STATUS: class=com.yangchengwei.easytrip.trip.ui.TripSettingsContentTest
INSTRUMENTATION_STATUS: current=45
INSTRUMENTATION_STATUS: id=AndroidJUnitRunner
INSTRUMENTATION_STATUS: numtests=152
INSTRUMENTATION_STATUS: stream=.
INSTRUMENTATION_STATUS: test=rangePickerCancelKeepsSettingsDraftAndDoesNotSubmit
INSTRUMENTATION_STATUS_CODE: 0
INSTRUMENTATION_STATUS: class=com.yangchengwei.easytrip.trip.ui.TripSettingsContentTest
INSTRUMENTATION_STATUS: current=46
INSTRUMENTATION_STATUS: id=AndroidJUnitRunner
INSTRUMENTATION_STATUS: numtests=152
INSTRUMENTATION_STATUS: stream=
INSTRUMENTATION_STATUS: test=dateEditorBackClosesSheetWithoutLeavingSettingsOrSubmitting
INSTRUMENTATION_STATUS_CODE: 1
INSTRUMENTATION_STATUS: class=com.yangchengwei.easytrip.trip.ui.TripSettingsContentTest
INSTRUMENTATION_STATUS: current=46
INSTRUMENTATION_STATUS: id=AndroidJUnitRunner
INSTRUMENTATION_STATUS: numtests=152
INSTRUMENTATION_STATUS: stream=.
INSTRUMENTATION_STATUS: test=dateEditorBackClosesSheetWithoutLeavingSettingsOrSubmitting
INSTRUMENTATION_STATUS_CODE: 0
INSTRUMENTATION_STATUS: class=com.yangchengwei.easytrip.trip.ui.TripSettingsContentTest
INSTRUMENTATION_STATUS: current=47
INSTRUMENTATION_STATUS: id=AndroidJUnitRunner
INSTRUMENTATION_STATUS: numtests=152
INSTRUMENTATION_STATUS: stream=
INSTRUMENTATION_STATUS: test=dangerZoneDeletesThisTripFromSettingsWithAccessibleAction
INSTRUMENTATION_STATUS_CODE: 1
INSTRUMENTATION_STATUS: class=com.yangchengwei.easytrip.trip.ui.TripSettingsContentTest
INSTRUMENTATION_STATUS: current=47
INSTRUMENTATION_STATUS: id=AndroidJUnitRunner
INSTRUMENTATION_STATUS: numtests=152
INSTRUMENTATION_STATUS: stream=.
INSTRUMENTATION_STATUS: test=dangerZoneDeletesThisTripFromSettingsWithAccessibleAction
INSTRUMENTATION_STATUS_CODE: 0
INSTRUMENTATION_STATUS: class=com.yangchengwei.easytrip.trip.ui.TripSettingsContentTest
INSTRUMENTATION_STATUS: current=48
INSTRUMENTATION_STATUS: id=AndroidJUnitRunner
INSTRUMENTATION_STATUS: numtests=152
INSTRUMENTATION_STATUS: stream=
INSTRUMENTATION_STATUS: test=dateEditorActionsStayAboveInjectedBottomSafeInset
INSTRUMENTATION_STATUS_CODE: 1
INSTRUMENTATION_STATUS: class=com.yangchengwei.easytrip.trip.ui.TripSettingsContentTest
INSTRUMENTATION_STATUS: current=48
INSTRUMENTATION_STATUS: id=AndroidJUnitRunner
INSTRUMENTATION_STATUS: numtests=152
INSTRUMENTATION_STATUS: stream=.
INSTRUMENTATION_STATUS: test=dateEditorActionsStayAboveInjectedBottomSafeInset
INSTRUMENTATION_STATUS_CODE: 0
INSTRUMENTATION_STATUS: class=com.yangchengwei.easytrip.trip.ui.TripSettingsContentTest
INSTRUMENTATION_STATUS: current=49
INSTRUMENTATION_STATUS: id=AndroidJUnitRunner
INSTRUMENTATION_STATUS: numtests=152
INSTRUMENTATION_STATUS: stream=
INSTRUMENTATION_STATUS: test=tripDayShapesRoundOnlyOuterCorners
INSTRUMENTATION_STATUS_CODE: 1
INSTRUMENTATION_STATUS: class=com.yangchengwei.easytrip.trip.ui.TripSettingsContentTest
INSTRUMENTATION_STATUS: current=49
INSTRUMENTATION_STATUS: id=AndroidJUnitRunner
INSTRUMENTATION_STATUS: numtests=152
INSTRUMENTATION_STATUS: stream=.
INSTRUMENTATION_STATUS: test=tripDayShapesRoundOnlyOuterCorners
INSTRUMENTATION_STATUS_CODE: 0
INSTRUMENTATION_STATUS: class=com.yangchengwei.easytrip.trip.ui.TripSettingsContentTest
INSTRUMENTATION_STATUS: current=50
INSTRUMENTATION_STATUS: id=AndroidJUnitRunner
INSTRUMENTATION_STATUS: numtests=152
INSTRUMENTATION_STATUS: stream=
INSTRUMENTATION_STATUS: test=observationErrorShowsRetryAndHidesEmptySettingsBody
INSTRUMENTATION_STATUS_CODE: 1
INSTRUMENTATION_STATUS: class=com.yangchengwei.easytrip.trip.ui.TripSettingsContentTest
INSTRUMENTATION_STATUS: current=50
INSTRUMENTATION_STATUS: id=AndroidJUnitRunner
INSTRUMENTATION_STATUS: numtests=152
INSTRUMENTATION_STATUS: stream=.
INSTRUMENTATION_STATUS: test=observationErrorShowsRetryAndHidesEmptySettingsBody
INSTRUMENTATION_STATUS_CODE: 0
INSTRUMENTATION_STATUS: class=com.yangchengwei.easytrip.trip.ui.TripSettingsContentTest
INSTRUMENTATION_STATUS: current=51
INSTRUMENTATION_STATUS: id=AndroidJUnitRunner
INSTRUMENTATION_STATUS: numtests=152
INSTRUMENTATION_STATUS: stream=
INSTRUMENTATION_STATUS: test=shrinkConfirmationExposesStructuredImpactCounts
INSTRUMENTATION_STATUS_CODE: 1
INSTRUMENTATION_STATUS: class=com.yangchengwei.easytrip.trip.ui.TripSettingsContentTest
INSTRUMENTATION_STATUS: current=51
INSTRUMENTATION_STATUS: id=AndroidJUnitRunner
INSTRUMENTATION_STATUS: numtests=152
INSTRUMENTATION_STATUS: stream=.
INSTRUMENTATION_STATUS: test=shrinkConfirmationExposesStructuredImpactCounts
INSTRUMENTATION_STATUS_CODE: 0
INSTRUMENTATION_STATUS: class=com.yangchengwei.easytrip.trip.ui.TripSettingsContentTest
INSTRUMENTATION_STATUS: current=52
INSTRUMENTATION_STATUS: id=AndroidJUnitRunner
INSTRUMENTATION_STATUS: numtests=152
INSTRUMENTATION_STATUS: stream=
INSTRUMENTATION_STATUS: test=growthApplyingAndAwaitingRoomUsePageProgressWithoutDangerConfirmation
INSTRUMENTATION_STATUS_CODE: 1
INSTRUMENTATION_STATUS: class=com.yangchengwei.easytrip.trip.ui.TripSettingsContentTest
INSTRUMENTATION_STATUS: current=52
INSTRUMENTATION_STATUS: id=AndroidJUnitRunner
INSTRUMENTATION_STATUS: numtests=152
INSTRUMENTATION_STATUS: stream=.
INSTRUMENTATION_STATUS: test=growthApplyingAndAwaitingRoomUsePageProgressWithoutDangerConfirmation
INSTRUMENTATION_STATUS_CODE: 0
INSTRUMENTATION_STATUS: class=com.yangchengwei.easytrip.trip.ui.TripSettingsContentTest
INSTRUMENTATION_STATUS: current=53
INSTRUMENTATION_STATUS: id=AndroidJUnitRunner
INSTRUMENTATION_STATUS: numtests=152
INSTRUMENTATION_STATUS: stream=
INSTRUMENTATION_STATUS: test=deletingTripBlocksBackAndOutsideDismiss
INSTRUMENTATION_STATUS_CODE: 1
INSTRUMENTATION_STATUS: class=com.yangchengwei.easytrip.trip.ui.TripSettingsContentTest
INSTRUMENTATION_STATUS: current=53
INSTRUMENTATION_STATUS: id=AndroidJUnitRunner
INSTRUMENTATION_STATUS: numtests=152
INSTRUMENTATION_STATUS: stream=.
INSTRUMENTATION_STATUS: test=deletingTripBlocksBackAndOutsideDismiss
INSTRUMENTATION_STATUS_CODE: 0
INSTRUMENTATION_STATUS: class=com.yangchengwei.easytrip.trip.ui.TripSettingsContentTest
INSTRUMENTATION_STATUS: current=54
INSTRUMENTATION_STATUS: id=AndroidJUnitRunner
INSTRUMENTATION_STATUS: numtests=152
INSTRUMENTATION_STATUS: stream=
INSTRUMENTATION_STATUS: test=rangePickerDispatchesBothSelectedEndpoints
INSTRUMENTATION_STATUS_CODE: 1
INSTRUMENTATION_STATUS: class=com.yangchengwei.easytrip.trip.ui.TripSettingsContentTest
INSTRUMENTATION_STATUS: current=54
INSTRUMENTATION_STATUS: id=AndroidJUnitRunner
INSTRUMENTATION_STATUS: numtests=152
INSTRUMENTATION_STATUS: stream=.
INSTRUMENTATION_STATUS: test=rangePickerDispatchesBothSelectedEndpoints
INSTRUMENTATION_STATUS_CODE: 0
INSTRUMENTATION_STATUS: class=com.yangchengwei.easytrip.trip.ui.TripSettingsContentTest
INSTRUMENTATION_STATUS: current=55
INSTRUMENTATION_STATUS: id=AndroidJUnitRunner
INSTRUMENTATION_STATUS: numtests=152
INSTRUMENTATION_STATUS: stream=
INSTRUMENTATION_STATUS: test=activeDatePhaseHidesConflictingDayDeleteConfirmation
INSTRUMENTATION_STATUS_CODE: 1
INSTRUMENTATION_STATUS: class=com.yangchengwei.easytrip.trip.ui.TripSettingsContentTest
INSTRUMENTATION_STATUS: current=55
INSTRUMENTATION_STATUS: id=AndroidJUnitRunner
INSTRUMENTATION_STATUS: numtests=152
INSTRUMENTATION_STATUS: stream=.
INSTRUMENTATION_STATUS: test=activeDatePhaseHidesConflictingDayDeleteConfirmation
INSTRUMENTATION_STATUS_CODE: 0
INSTRUMENTATION_STATUS: class=com.yangchengwei.easytrip.trip.ui.TripSettingsContentTest
INSTRUMENTATION_STATUS: current=56
INSTRUMENTATION_STATUS: id=AndroidJUnitRunner
INSTRUMENTATION_STATUS: numtests=152
INSTRUMENTATION_STATUS: stream=
INSTRUMENTATION_STATUS: test=dayDeleteInProgressDisablesDateRangeApply
INSTRUMENTATION_STATUS_CODE: 1
INSTRUMENTATION_STATUS: class=com.yangchengwei.easytrip.trip.ui.TripSettingsContentTest
INSTRUMENTATION_STATUS: current=56
INSTRUMENTATION_STATUS: id=AndroidJUnitRunner
INSTRUMENTATION_STATUS: numtests=152
INSTRUMENTATION_STATUS: stream=.
INSTRUMENTATION_STATUS: test=dayDeleteInProgressDisablesDateRangeApply
INSTRUMENTATION_STATUS_CODE: 0
INSTRUMENTATION_STATUS: class=com.yangchengwei.easytrip.trip.ui.TripSettingsContentTest
INSTRUMENTATION_STATUS: current=57
INSTRUMENTATION_STATUS: id=AndroidJUnitRunner
INSTRUMENTATION_STATUS: numtests=152
INSTRUMENTATION_STATUS: stream=
INSTRUMENTATION_STATUS: test=settingsUsesDesignHeaderAndDoneReturnsThroughBackCallback
INSTRUMENTATION_STATUS_CODE: 1
INSTRUMENTATION_STATUS: class=com.yangchengwei.easytrip.trip.ui.TripSettingsContentTest
INSTRUMENTATION_STATUS: current=57
INSTRUMENTATION_STATUS: id=AndroidJUnitRunner
INSTRUMENTATION_STATUS: numtests=152
INSTRUMENTATION_STATUS: stream=.
INSTRUMENTATION_STATUS: test=settingsUsesDesignHeaderAndDoneReturnsThroughBackCallback
INSTRUMENTATION_STATUS_CODE: 0
INSTRUMENTATION_STATUS: class=com.yangchengwei.easytrip.trip.ui.TripSettingsContentTest
INSTRUMENTATION_STATUS: current=58
INSTRUMENTATION_STATUS: id=AndroidJUnitRunner
INSTRUMENTATION_STATUS: numtests=152
INSTRUMENTATION_STATUS: stream=
INSTRUMENTATION_STATUS: test=rangePickerApplyDispatchesBothDraftEndpointsThenSubmitsExactlyOnce
INSTRUMENTATION_STATUS_CODE: 1
INSTRUMENTATION_STATUS: class=com.yangchengwei.easytrip.trip.ui.TripSettingsContentTest
INSTRUMENTATION_STATUS: current=58
INSTRUMENTATION_STATUS: id=AndroidJUnitRunner
INSTRUMENTATION_STATUS: numtests=152
INSTRUMENTATION_STATUS: stream=.
INSTRUMENTATION_STATUS: test=rangePickerApplyDispatchesBothDraftEndpointsThenSubmitsExactlyOnce
INSTRUMENTATION_STATUS_CODE: 0
INSTRUMENTATION_STATUS: class=com.yangchengwei.easytrip.trip.ui.TripSettingsContentTest
INSTRUMENTATION_STATUS: current=59
INSTRUMENTATION_STATUS: id=AndroidJUnitRunner
INSTRUMENTATION_STATUS: numtests=152
INSTRUMENTATION_STATUS: stream=
INSTRUMENTATION_STATUS: test=dateRangeMaximumErrorIsVisible
INSTRUMENTATION_STATUS_CODE: 1
INSTRUMENTATION_STATUS: class=com.yangchengwei.easytrip.trip.ui.TripSettingsContentTest
INSTRUMENTATION_STATUS: current=59
INSTRUMENTATION_STATUS: id=AndroidJUnitRunner
INSTRUMENTATION_STATUS: numtests=152
INSTRUMENTATION_STATUS: stream=.
INSTRUMENTATION_STATUS: test=dateRangeMaximumErrorIsVisible
INSTRUMENTATION_STATUS_CODE: 0
INSTRUMENTATION_STATUS: class=com.yangchengwei.easytrip.trip.ui.TripSettingsContentTest
INSTRUMENTATION_STATUS: current=60
INSTRUMENTATION_STATUS: id=AndroidJUnitRunner
INSTRUMENTATION_STATUS: numtests=152
INSTRUMENTATION_STATUS: stream=
INSTRUMENTATION_STATUS: test=dateEditorUsesBottomSheetWithScrimAndNoDialogSemantics
INSTRUMENTATION_STATUS_CODE: 1
INSTRUMENTATION_STATUS: class=com.yangchengwei.easytrip.trip.ui.TripSettingsContentTest
INSTRUMENTATION_STATUS: current=60
INSTRUMENTATION_STATUS: id=AndroidJUnitRunner
INSTRUMENTATION_STATUS: numtests=152
INSTRUMENTATION_STATUS: stream=.
INSTRUMENTATION_STATUS: test=dateEditorUsesBottomSheetWithScrimAndNoDialogSemantics
INSTRUMENTATION_STATUS_CODE: 0
INSTRUMENTATION_STATUS: class=com.yangchengwei.easytrip.trip.ui.TripSettingsContentTest
INSTRUMENTATION_STATUS: current=61
INSTRUMENTATION_STATUS: id=AndroidJUnitRunner
INSTRUMENTATION_STATUS: numtests=152
INSTRUMENTATION_STATUS: stream=
INSTRUMENTATION_STATUS: test=undatedTripDaysKeepExistingReorderHandleWithoutMoreMenu
INSTRUMENTATION_STATUS_CODE: 1
INSTRUMENTATION_STATUS: class=com.yangchengwei.easytrip.trip.ui.TripSettingsContentTest
INSTRUMENTATION_STATUS: current=61
INSTRUMENTATION_STATUS: id=AndroidJUnitRunner
INSTRUMENTATION_STATUS: numtests=152
INSTRUMENTATION_STATUS: stream=.
INSTRUMENTATION_STATUS: test=undatedTripDaysKeepExistingReorderHandleWithoutMoreMenu
INSTRUMENTATION_STATUS_CODE: 0
INSTRUMENTATION_STATUS: class=com.yangchengwei.easytrip.trip.ui.TripSettingsContentTest
INSTRUMENTATION_STATUS: current=62
INSTRUMENTATION_STATUS: id=AndroidJUnitRunner
INSTRUMENTATION_STATUS: numtests=152
INSTRUMENTATION_STATUS: stream=
INSTRUMENTATION_STATUS: test=incompleteRangeKeepsPickerOpenAndDoesNotSubmit
INSTRUMENTATION_STATUS_CODE: 1
INSTRUMENTATION_STATUS: class=com.yangchengwei.easytrip.trip.ui.TripSettingsContentTest
INSTRUMENTATION_STATUS: current=62
INSTRUMENTATION_STATUS: id=AndroidJUnitRunner
INSTRUMENTATION_STATUS: numtests=152
INSTRUMENTATION_STATUS: stream=.
INSTRUMENTATION_STATUS: test=incompleteRangeKeepsPickerOpenAndDoesNotSubmit
INSTRUMENTATION_STATUS_CODE: 0
INSTRUMENTATION_STATUS: class=com.yangchengwei.easytrip.trip.ui.TripSettingsContentTest
INSTRUMENTATION_STATUS: current=63
INSTRUMENTATION_STATUS: id=AndroidJUnitRunner
INSTRUMENTATION_STATUS: numtests=152
INSTRUMENTATION_STATUS: stream=
INSTRUMENTATION_STATUS: test=dateRowOpensLocalEditorAndAppliesOnlyFromTheDialog
INSTRUMENTATION_STATUS_CODE: 1
INSTRUMENTATION_STATUS: class=com.yangchengwei.easytrip.trip.ui.TripSettingsContentTest
INSTRUMENTATION_STATUS: current=63
INSTRUMENTATION_STATUS: id=AndroidJUnitRunner
INSTRUMENTATION_STATUS: numtests=152
INSTRUMENTATION_STATUS: stream=.
INSTRUMENTATION_STATUS: test=dateRowOpensLocalEditorAndAppliesOnlyFromTheDialog
INSTRUMENTATION_STATUS_CODE: 0
INSTRUMENTATION_STATUS: class=com.yangchengwei.easytrip.trip.ui.TripSettingsContentTest
INSTRUMENTATION_STATUS: current=64
INSTRUMENTATION_STATUS: id=AndroidJUnitRunner
INSTRUMENTATION_STATUS: numtests=152
INSTRUMENTATION_STATUS: stream=
INSTRUMENTATION_STATUS: test=dateEditorCancelDoesNotSubmitAndClosesSheet
INSTRUMENTATION_STATUS_CODE: 1
INSTRUMENTATION_STATUS: class=com.yangchengwei.easytrip.trip.ui.TripSettingsContentTest
INSTRUMENTATION_STATUS: current=64
INSTRUMENTATION_STATUS: id=AndroidJUnitRunner
INSTRUMENTATION_STATUS: numtests=152
INSTRUMENTATION_STATUS: stream=.
INSTRUMENTATION_STATUS: test=dateEditorCancelDoesNotSubmitAndClosesSheet
INSTRUMENTATION_STATUS_CODE: 0
INSTRUMENTATION_STATUS: class=com.yangchengwei.easytrip.trip.ui.TripSettingsContentTest
INSTRUMENTATION_STATUS: current=65
INSTRUMENTATION_STATUS: id=AndroidJUnitRunner
INSTRUMENTATION_STATUS: numtests=152
INSTRUMENTATION_STATUS: stream=
INSTRUMENTATION_STATUS: test=dayDeleteConfirmationExposesStructuredImpactCounts
INSTRUMENTATION_STATUS_CODE: 1
INSTRUMENTATION_STATUS: class=com.yangchengwei.easytrip.trip.ui.TripSettingsContentTest
INSTRUMENTATION_STATUS: current=65
INSTRUMENTATION_STATUS: id=AndroidJUnitRunner
INSTRUMENTATION_STATUS: numtests=152
INSTRUMENTATION_STATUS: stream=.
INSTRUMENTATION_STATUS: test=dayDeleteConfirmationExposesStructuredImpactCounts
INSTRUMENTATION_STATUS_CODE: 0
INSTRUMENTATION_STATUS: class=com.yangchengwei.easytrip.trip.ui.TripSettingsContentTest
INSTRUMENTATION_STATUS: current=66
INSTRUMENTATION_STATUS: id=AndroidJUnitRunner
INSTRUMENTATION_STATUS: numtests=152
INSTRUMENTATION_STATUS: stream=
INSTRUMENTATION_STATUS: test=dateEditorIsAnAccessibilityPaneAndHidesUnderlyingSettingsSemantics
INSTRUMENTATION_STATUS_CODE: 1
INSTRUMENTATION_STATUS: class=com.yangchengwei.easytrip.trip.ui.TripSettingsContentTest
INSTRUMENTATION_STATUS: current=66
INSTRUMENTATION_STATUS: id=AndroidJUnitRunner
INSTRUMENTATION_STATUS: numtests=152
INSTRUMENTATION_STATUS: stream=.
INSTRUMENTATION_STATUS: test=dateEditorIsAnAccessibilityPaneAndHidesUnderlyingSettingsSemantics
INSTRUMENTATION_STATUS_CODE: 0
INSTRUMENTATION_STATUS: class=com.yangchengwei.easytrip.trip.ui.TripSettingsContentTest
INSTRUMENTATION_STATUS: current=67
INSTRUMENTATION_STATUS: id=AndroidJUnitRunner
INSTRUMENTATION_STATUS: numtests=152
INSTRUMENTATION_STATUS: stream=
INSTRUMENTATION_STATUS: test=undatedTripOffersDateRangeMutationEntry
INSTRUMENTATION_STATUS_CODE: 1
INSTRUMENTATION_STATUS: class=com.yangchengwei.easytrip.trip.ui.TripSettingsContentTest
INSTRUMENTATION_STATUS: current=67
INSTRUMENTATION_STATUS: id=AndroidJUnitRunner
INSTRUMENTATION_STATUS: numtests=152
INSTRUMENTATION_STATUS: stream=.
INSTRUMENTATION_STATUS: test=undatedTripOffersDateRangeMutationEntry
INSTRUMENTATION_STATUS_CODE: 0
INSTRUMENTATION_STATUS: class=com.yangchengwei.easytrip.trip.ui.TripSettingsContentTest
INSTRUMENTATION_STATUS: current=68
INSTRUMENTATION_STATUS: id=AndroidJUnitRunner
INSTRUMENTATION_STATUS: numtests=152
INSTRUMENTATION_STATUS: stream=
INSTRUMENTATION_STATUS: test=undatedThreeDayTripSelectsStartAndKeepsExistingLength
INSTRUMENTATION_STATUS_CODE: 1
INSTRUMENTATION_STATUS: class=com.yangchengwei.easytrip.trip.ui.TripSettingsContentTest
INSTRUMENTATION_STATUS: current=68
INSTRUMENTATION_STATUS: id=AndroidJUnitRunner
INSTRUMENTATION_STATUS: numtests=152
INSTRUMENTATION_STATUS: stream=.
INSTRUMENTATION_STATUS: test=undatedThreeDayTripSelectsStartAndKeepsExistingLength
INSTRUMENTATION_STATUS_CODE: 0
INSTRUMENTATION_STATUS: class=com.yangchengwei.easytrip.trip.ui.TripSettingsContentTest
INSTRUMENTATION_STATUS: current=69
INSTRUMENTATION_STATUS: id=AndroidJUnitRunner
INSTRUMENTATION_STATUS: numtests=152
INSTRUMENTATION_STATUS: stream=
INSTRUMENTATION_STATUS: test=tripDeletionStatesExposeOneRecoveryPathAtATime
INSTRUMENTATION_STATUS_CODE: 1
INSTRUMENTATION_STATUS: class=com.yangchengwei.easytrip.trip.ui.TripSettingsContentTest
INSTRUMENTATION_STATUS: current=69
INSTRUMENTATION_STATUS: id=AndroidJUnitRunner
INSTRUMENTATION_STATUS: numtests=152
INSTRUMENTATION_STATUS: stream=.
INSTRUMENTATION_STATUS: test=tripDeletionStatesExposeOneRecoveryPathAtATime
INSTRUMENTATION_STATUS_CODE: 0
INSTRUMENTATION_STATUS: class=com.yangchengwei.easytrip.trip.ui.TripSettingsContentTest
INSTRUMENTATION_STATUS: current=70
INSTRUMENTATION_STATUS: id=AndroidJUnitRunner
INSTRUMENTATION_STATUS: numtests=152
INSTRUMENTATION_STATUS: stream=
INSTRUMENTATION_STATUS: test=renameDialogUsesSaveLabel
INSTRUMENTATION_STATUS_CODE: 1
INSTRUMENTATION_STATUS: class=com.yangchengwei.easytrip.trip.ui.TripSettingsContentTest
INSTRUMENTATION_STATUS: current=70
INSTRUMENTATION_STATUS: id=AndroidJUnitRunner
INSTRUMENTATION_STATUS: numtests=152
INSTRUMENTATION_STATUS: stream=.
INSTRUMENTATION_STATUS: test=renameDialogUsesSaveLabel
INSTRUMENTATION_STATUS_CODE: 0
INSTRUMENTATION_STATUS: class=com.yangchengwei.easytrip.trip.ui.TripSettingsContentTest
INSTRUMENTATION_STATUS: current=71
INSTRUMENTATION_STATUS: id=AndroidJUnitRunner
INSTRUMENTATION_STATUS: numtests=152
INSTRUMENTATION_STATUS: stream=
INSTRUMENTATION_STATUS: test=syncFailureAllowsOnlyResyncAndBlocksDismissBackOutsideAndSettingsWrites
INSTRUMENTATION_STATUS_CODE: 1
INSTRUMENTATION_STATUS: class=com.yangchengwei.easytrip.trip.ui.TripSettingsContentTest
INSTRUMENTATION_STATUS: current=71
INSTRUMENTATION_STATUS: id=AndroidJUnitRunner
INSTRUMENTATION_STATUS: numtests=152
INSTRUMENTATION_STATUS: stream=.
INSTRUMENTATION_STATUS: test=syncFailureAllowsOnlyResyncAndBlocksDismissBackOutsideAndSettingsWrites
INSTRUMENTATION_STATUS_CODE: 0
INSTRUMENTATION_STATUS: class=com.yangchengwei.easytrip.trip.ui.TripSettingsContentTest
INSTRUMENTATION_STATUS: current=72
INSTRUMENTATION_STATUS: id=AndroidJUnitRunner
INSTRUMENTATION_STATUS: numtests=152
INSTRUMENTATION_STATUS: stream=
INSTRUMENTATION_STATUS: test=datedTripDaysExposeReorderAndDeleteWithoutMoreMenu
INSTRUMENTATION_STATUS_CODE: 1
INSTRUMENTATION_STATUS: class=com.yangchengwei.easytrip.trip.ui.TripSettingsContentTest
INSTRUMENTATION_STATUS: current=72
INSTRUMENTATION_STATUS: id=AndroidJUnitRunner
INSTRUMENTATION_STATUS: numtests=152
INSTRUMENTATION_STATUS: stream=.
INSTRUMENTATION_STATUS: test=datedTripDaysExposeReorderAndDeleteWithoutMoreMenu
INSTRUMENTATION_STATUS_CODE: 0
INSTRUMENTATION_STATUS: class=com.yangchengwei.easytrip.trip.ui.TripDeletionDialogTest
INSTRUMENTATION_STATUS: current=73
INSTRUMENTATION_STATUS: id=AndroidJUnitRunner
INSTRUMENTATION_STATUS: numtests=152
INSTRUMENTATION_STATUS: stream=
com.yangchengwei.easytrip.trip.ui.TripDeletionDialogTest:
INSTRUMENTATION_STATUS: test=leavingWhileImpactLoadsCancelsPendingConfirmationWithoutShowingAnOverlay
INSTRUMENTATION_STATUS_CODE: 1
INSTRUMENTATION_STATUS: class=com.yangchengwei.easytrip.trip.ui.TripDeletionDialogTest
INSTRUMENTATION_STATUS: current=73
INSTRUMENTATION_STATUS: id=AndroidJUnitRunner
INSTRUMENTATION_STATUS: numtests=152
INSTRUMENTATION_STATUS: stream=.
INSTRUMENTATION_STATUS: test=leavingWhileImpactLoadsCancelsPendingConfirmationWithoutShowingAnOverlay
INSTRUMENTATION_STATUS_CODE: 0
INSTRUMENTATION_STATUS: class=com.yangchengwei.easytrip.itinerary.calendar.CalendarInteractionTest
INSTRUMENTATION_STATUS: current=74
INSTRUMENTATION_STATUS: id=AndroidJUnitRunner
INSTRUMENTATION_STATUS: numtests=152
INSTRUMENTATION_STATUS: stream=
com.yangchengwei.easytrip.itinerary.calendar.CalendarInteractionTest:
INSTRUMENTATION_STATUS: test=normalSwipeScrollsWithoutSavingAndCanReachMidnight
INSTRUMENTATION_STATUS_CODE: 1
INSTRUMENTATION_STATUS: class=com.yangchengwei.easytrip.itinerary.calendar.CalendarInteractionTest
INSTRUMENTATION_STATUS: current=74
INSTRUMENTATION_STATUS: id=AndroidJUnitRunner
INSTRUMENTATION_STATUS: numtests=152
INSTRUMENTATION_STATUS: stream=.
INSTRUMENTATION_STATUS: test=normalSwipeScrollsWithoutSavingAndCanReachMidnight
INSTRUMENTATION_STATUS_CODE: 0
INSTRUMENTATION_STATUS: class=com.yangchengwei.easytrip.itinerary.calendar.CalendarInteractionTest
INSTRUMENTATION_STATUS: current=75
INSTRUMENTATION_STATUS: id=AndroidJUnitRunner
INSTRUMENTATION_STATUS: numtests=152
INSTRUMENTATION_STATUS: stream=
INSTRUMENTATION_STATUS: test=zeroEstimateStaysHiddenDuringDragAndCancel
INSTRUMENTATION_STATUS_CODE: 1
INSTRUMENTATION_STATUS: class=com.yangchengwei.easytrip.itinerary.calendar.CalendarInteractionTest
INSTRUMENTATION_STATUS: current=75
INSTRUMENTATION_STATUS: id=AndroidJUnitRunner
INSTRUMENTATION_STATUS: numtests=152
INSTRUMENTATION_STATUS: stream=.
INSTRUMENTATION_STATUS: test=zeroEstimateStaysHiddenDuringDragAndCancel
INSTRUMENTATION_STATUS_CODE: 0
INSTRUMENTATION_STATUS: class=com.yangchengwei.easytrip.itinerary.calendar.CalendarInteractionTest
INSTRUMENTATION_STATUS: current=76
INSTRUMENTATION_STATUS: id=AndroidJUnitRunner
INSTRUMENTATION_STATUS: numtests=152
INSTRUMENTATION_STATUS: stream=
INSTRUMENTATION_STATUS: test=zeroGapHidesTwoMinuteWalkAndItsWarningFromCardAndDetail
INSTRUMENTATION_STATUS_CODE: 1
INSTRUMENTATION_STATUS: class=com.yangchengwei.easytrip.itinerary.calendar.CalendarInteractionTest
INSTRUMENTATION_STATUS: current=76
INSTRUMENTATION_STATUS: id=AndroidJUnitRunner
INSTRUMENTATION_STATUS: numtests=152
INSTRUMENTATION_STATUS: stream=.
INSTRUMENTATION_STATUS: test=zeroGapHidesTwoMinuteWalkAndItsWarningFromCardAndDetail
INSTRUMENTATION_STATUS_CODE: 0
INSTRUMENTATION_STATUS: class=com.yangchengwei.easytrip.itinerary.calendar.CalendarInteractionTest
INSTRUMENTATION_STATUS: current=77
INSTRUMENTATION_STATUS: id=AndroidJUnitRunner
INSTRUMENTATION_STATUS: numtests=152
INSTRUMENTATION_STATUS: stream=
INSTRUMENTATION_STATUS: test=upperAndLowerEdgesWorkAcrossEntireWidthWithoutSelection
INSTRUMENTATION_STATUS_CODE: 1
INSTRUMENTATION_STATUS: class=com.yangchengwei.easytrip.itinerary.calendar.CalendarInteractionTest
INSTRUMENTATION_STATUS: current=77
INSTRUMENTATION_STATUS: id=AndroidJUnitRunner
INSTRUMENTATION_STATUS: numtests=152
INSTRUMENTATION_STATUS: stream=.
INSTRUMENTATION_STATUS: test=upperAndLowerEdgesWorkAcrossEntireWidthWithoutSelection
INSTRUMENTATION_STATUS_CODE: 0
INSTRUMENTATION_STATUS: class=com.yangchengwei.easytrip.itinerary.calendar.CalendarInteractionTest
INSTRUMENTATION_STATUS: current=78
INSTRUMENTATION_STATUS: id=AndroidJUnitRunner
INSTRUMENTATION_STATUS: numtests=152
INSTRUMENTATION_STATUS: stream=
INSTRUMENTATION_STATUS: test=unknownDestinationGapHidesTrafficInSingleAndWholeTrip
INSTRUMENTATION_STATUS_CODE: 1
INSTRUMENTATION_STATUS: class=com.yangchengwei.easytrip.itinerary.calendar.CalendarInteractionTest
INSTRUMENTATION_STATUS: current=78
INSTRUMENTATION_STATUS: id=AndroidJUnitRunner
INSTRUMENTATION_STATUS: numtests=152
INSTRUMENTATION_STATUS: stream=.
INSTRUMENTATION_STATUS: test=unknownDestinationGapHidesTrafficInSingleAndWholeTrip
INSTRUMENTATION_STATUS_CODE: 0
INSTRUMENTATION_STATUS: class=com.yangchengwei.easytrip.itinerary.calendar.CalendarInteractionTest
INSTRUMENTATION_STATUS: current=79
INSTRUMENTATION_STATUS: id=AndroidJUnitRunner
INSTRUMENTATION_STATUS: numtests=152
INSTRUMENTATION_STATUS: stream=
INSTRUMENTATION_STATUS: test=calendarVisualEvidence
INSTRUMENTATION_STATUS_CODE: 1
INSTRUMENTATION_STATUS: class=com.yangchengwei.easytrip.itinerary.calendar.CalendarInteractionTest
INSTRUMENTATION_STATUS: current=79
INSTRUMENTATION_STATUS: id=AndroidJUnitRunner
INSTRUMENTATION_STATUS: numtests=152
INSTRUMENTATION_STATUS: stream=.
INSTRUMENTATION_STATUS: test=calendarVisualEvidence
INSTRUMENTATION_STATUS_CODE: 0
INSTRUMENTATION_STATUS: class=com.yangchengwei.easytrip.itinerary.calendar.CalendarInteractionTest
INSTRUMENTATION_STATUS: current=80
INSTRUMENTATION_STATUS: id=AndroidJUnitRunner
INSTRUMENTATION_STATUS: numtests=152
INSTRUMENTATION_STATUS: stream=
INSTRUMENTATION_STATUS: test=sourceDetailPreservesTrafficConflictFromNextDayFragment
INSTRUMENTATION_STATUS_CODE: 1
INSTRUMENTATION_STATUS: class=com.yangchengwei.easytrip.itinerary.calendar.CalendarInteractionTest
INSTRUMENTATION_STATUS: current=80
INSTRUMENTATION_STATUS: id=AndroidJUnitRunner
INSTRUMENTATION_STATUS: numtests=152
INSTRUMENTATION_STATUS: stream=.
INSTRUMENTATION_STATUS: test=sourceDetailPreservesTrafficConflictFromNextDayFragment
INSTRUMENTATION_STATUS_CODE: 0
INSTRUMENTATION_STATUS: class=com.yangchengwei.easytrip.itinerary.calendar.CalendarInteractionTest
INSTRUMENTATION_STATUS: current=81
INSTRUMENTATION_STATUS: id=AndroidJUnitRunner
INSTRUMENTATION_STATUS: numtests=152
INSTRUMENTATION_STATUS: stream=
INSTRUMENTATION_STATUS: test=activatedDragAtViewportEdgeAutoScrollsAndBackCancels
INSTRUMENTATION_STATUS_CODE: 1
INSTRUMENTATION_STATUS: class=com.yangchengwei.easytrip.itinerary.calendar.CalendarInteractionTest
INSTRUMENTATION_STATUS: current=81
INSTRUMENTATION_STATUS: id=AndroidJUnitRunner
INSTRUMENTATION_STATUS: numtests=152
INSTRUMENTATION_STATUS: stream=.
INSTRUMENTATION_STATUS: test=activatedDragAtViewportEdgeAutoScrollsAndBackCancels
INSTRUMENTATION_STATUS_CODE: 0
INSTRUMENTATION_STATUS: class=com.yangchengwei.easytrip.itinerary.calendar.CalendarInteractionTest
INSTRUMENTATION_STATUS: current=82
INSTRUMENTATION_STATUS: id=AndroidJUnitRunner
INSTRUMENTATION_STATUS: numtests=152
INSTRUMENTATION_STATUS: stream=
INSTRUMENTATION_STATUS: test=wholeTripOverlapsOpenDayAndReadableGroupInOneTap
INSTRUMENTATION_STATUS_CODE: 1
INSTRUMENTATION_STATUS: class=com.yangchengwei.easytrip.itinerary.calendar.CalendarInteractionTest
INSTRUMENTATION_STATUS: current=82
INSTRUMENTATION_STATUS: id=AndroidJUnitRunner
INSTRUMENTATION_STATUS: numtests=152
INSTRUMENTATION_STATUS: stream=.
INSTRUMENTATION_STATUS: test=wholeTripOverlapsOpenDayAndReadableGroupInOneTap
INSTRUMENTATION_STATUS_CODE: 0
INSTRUMENTATION_STATUS: class=com.yangchengwei.easytrip.itinerary.calendar.CalendarInteractionTest
INSTRUMENTATION_STATUS: current=83
INSTRUMENTATION_STATUS: id=AndroidJUnitRunner
INSTRUMENTATION_STATUS: numtests=152
INSTRUMENTATION_STATUS: stream=
INSTRUMENTATION_STATUS: test=crossMidnightTrafficHasOneReferenceAcrossTwoColumns
INSTRUMENTATION_STATUS_CODE: 1
INSTRUMENTATION_STATUS: class=com.yangchengwei.easytrip.itinerary.calendar.CalendarInteractionTest
INSTRUMENTATION_STATUS: current=83
INSTRUMENTATION_STATUS: id=AndroidJUnitRunner
INSTRUMENTATION_STATUS: numtests=152
INSTRUMENTATION_STATUS: stream=.
INSTRUMENTATION_STATUS: test=crossMidnightTrafficHasOneReferenceAcrossTwoColumns
INSTRUMENTATION_STATUS_CODE: 0
INSTRUMENTATION_STATUS: class=com.yangchengwei.easytrip.itinerary.calendar.CalendarInteractionTest
INSTRUMENTATION_STATUS: current=84
INSTRUMENTATION_STATUS: id=AndroidJUnitRunner
INSTRUMENTATION_STATUS: numtests=152
INSTRUMENTATION_STATUS: stream=
INSTRUMENTATION_STATUS: test=visibleTrafficWarningStaysOnCardAndDetailWithoutBottomStrip
INSTRUMENTATION_STATUS_CODE: 1
INSTRUMENTATION_STATUS: class=com.yangchengwei.easytrip.itinerary.calendar.CalendarInteractionTest
INSTRUMENTATION_STATUS: current=84
INSTRUMENTATION_STATUS: id=AndroidJUnitRunner
INSTRUMENTATION_STATUS: numtests=152
INSTRUMENTATION_STATUS: stream=.
INSTRUMENTATION_STATUS: test=visibleTrafficWarningStaysOnCardAndDetailWithoutBottomStrip
INSTRUMENTATION_STATUS_CODE: 0
INSTRUMENTATION_STATUS: class=com.yangchengwei.easytrip.itinerary.calendar.CalendarInteractionTest
INSTRUMENTATION_STATUS: current=85
INSTRUMENTATION_STATUS: id=AndroidJUnitRunner
INSTRUMENTATION_STATUS: numtests=152
INSTRUMENTATION_STATUS: stream=
INSTRUMENTATION_STATUS: test=pendingDragIntoTimelinePreservesKnownStayAndClickOpensUnsetDetail
INSTRUMENTATION_STATUS_CODE: 1
INSTRUMENTATION_STATUS: class=com.yangchengwei.easytrip.itinerary.calendar.CalendarInteractionTest
INSTRUMENTATION_STATUS: current=85
INSTRUMENTATION_STATUS: id=AndroidJUnitRunner
INSTRUMENTATION_STATUS: numtests=152
INSTRUMENTATION_STATUS: stream=.
INSTRUMENTATION_STATUS: test=pendingDragIntoTimelinePreservesKnownStayAndClickOpensUnsetDetail
INSTRUMENTATION_STATUS_CODE: 0
INSTRUMENTATION_STATUS: class=com.yangchengwei.easytrip.itinerary.calendar.CalendarInteractionTest
INSTRUMENTATION_STATUS: current=86
INSTRUMENTATION_STATUS: id=AndroidJUnitRunner
INSTRUMENTATION_STATUS: numtests=152
INSTRUMENTATION_STATUS: stream=
INSTRUMENTATION_STATUS: test=hidingTrafficWarningPreservesActualVisitOverlap
INSTRUMENTATION_STATUS_CODE: 1
INSTRUMENTATION_STATUS: class=com.yangchengwei.easytrip.itinerary.calendar.CalendarInteractionTest
INSTRUMENTATION_STATUS: current=86
INSTRUMENTATION_STATUS: id=AndroidJUnitRunner
INSTRUMENTATION_STATUS: numtests=152
INSTRUMENTATION_STATUS: stream=.
INSTRUMENTATION_STATUS: test=hidingTrafficWarningPreservesActualVisitOverlap
INSTRUMENTATION_STATUS_CODE: 0
INSTRUMENTATION_STATUS: class=com.yangchengwei.easytrip.itinerary.calendar.CalendarInteractionTest
INSTRUMENTATION_STATUS: current=87
INSTRUMENTATION_STATUS: id=AndroidJUnitRunner
INSTRUMENTATION_STATUS: numtests=152
INSTRUMENTATION_STATUS: stream=
INSTRUMENTATION_STATUS: test=briefHoldThenSwipeStillScrollsWithoutSaving
INSTRUMENTATION_STATUS_CODE: 1
INSTRUMENTATION_STATUS: class=com.yangchengwei.easytrip.itinerary.calendar.CalendarInteractionTest
INSTRUMENTATION_STATUS: current=87
INSTRUMENTATION_STATUS: id=AndroidJUnitRunner
INSTRUMENTATION_STATUS: numtests=152
INSTRUMENTATION_STATUS: stream=.
INSTRUMENTATION_STATUS: test=briefHoldThenSwipeStillScrollsWithoutSaving
INSTRUMENTATION_STATUS_CODE: 0
INSTRUMENTATION_STATUS: class=com.yangchengwei.easytrip.itinerary.calendar.CalendarInteractionTest
INSTRUMENTATION_STATUS: current=88
INSTRUMENTATION_STATUS: id=AndroidJUnitRunner
INSTRUMENTATION_STATUS: numtests=152
INSTRUMENTATION_STATUS: stream=
INSTRUMENTATION_STATUS: test=visitResizeLiveSqueezesTrafficThenCancelRestoresAndSavePersistsOnlyVisit
INSTRUMENTATION_STATUS_CODE: 1
INSTRUMENTATION_STATUS: class=com.yangchengwei.easytrip.itinerary.calendar.CalendarInteractionTest
INSTRUMENTATION_STATUS: current=88
INSTRUMENTATION_STATUS: id=AndroidJUnitRunner
INSTRUMENTATION_STATUS: numtests=152
INSTRUMENTATION_STATUS: stream=.
INSTRUMENTATION_STATUS: test=visitResizeLiveSqueezesTrafficThenCancelRestoresAndSavePersistsOnlyVisit
INSTRUMENTATION_STATUS_CODE: 0
INSTRUMENTATION_STATUS: class=com.yangchengwei.easytrip.itinerary.calendar.CalendarInteractionTest
INSTRUMENTATION_STATUS: current=89
INSTRUMENTATION_STATUS: id=AndroidJUnitRunner
INSTRUMENTATION_STATUS: numtests=152
INSTRUMENTATION_STATUS: stream=
INSTRUMENTATION_STATUS: test=hiddenTrafficRemainsAccessibleInDestinationDetail
INSTRUMENTATION_STATUS_CODE: 1
INSTRUMENTATION_STATUS: class=com.yangchengwei.easytrip.itinerary.calendar.CalendarInteractionTest
INSTRUMENTATION_STATUS: current=89
INSTRUMENTATION_STATUS: id=AndroidJUnitRunner
INSTRUMENTATION_STATUS: numtests=152
INSTRUMENTATION_STATUS: stream=.
INSTRUMENTATION_STATUS: test=hiddenTrafficRemainsAccessibleInDestinationDetail
INSTRUMENTATION_STATUS_CODE: 0
INSTRUMENTATION_STATUS: class=com.yangchengwei.easytrip.itinerary.calendar.CalendarInteractionTest
INSTRUMENTATION_STATUS: current=90
INSTRUMENTATION_STATUS: id=AndroidJUnitRunner
INSTRUMENTATION_STATUS: numtests=152
INSTRUMENTATION_STATUS: stream=
INSTRUMENTATION_STATUS: test=draggingDestinationAcrossGapThresholdUpdatesImmediatelyAndCancelRestores
INSTRUMENTATION_STATUS_CODE: 1
INSTRUMENTATION_STATUS: class=com.yangchengwei.easytrip.itinerary.calendar.CalendarInteractionTest
INSTRUMENTATION_STATUS: current=90
INSTRUMENTATION_STATUS: id=AndroidJUnitRunner
INSTRUMENTATION_STATUS: numtests=152
INSTRUMENTATION_STATUS: stream=.
INSTRUMENTATION_STATUS: test=draggingDestinationAcrossGapThresholdUpdatesImmediatelyAndCancelRestores
INSTRUMENTATION_STATUS_CODE: 0
INSTRUMENTATION_STATUS: class=com.yangchengwei.easytrip.itinerary.calendar.CalendarInteractionTest
INSTRUMENTATION_STATUS: current=91
INSTRUMENTATION_STATUS: id=AndroidJUnitRunner
INSTRUMENTATION_STATUS: numtests=152
INSTRUMENTATION_STATUS: stream=
INSTRUMENTATION_STATUS: test=midnightTrafficWithoutDestinationGapRemainsInDetail
INSTRUMENTATION_STATUS_CODE: 1
INSTRUMENTATION_STATUS: class=com.yangchengwei.easytrip.itinerary.calendar.CalendarInteractionTest
INSTRUMENTATION_STATUS: current=91
INSTRUMENTATION_STATUS: id=AndroidJUnitRunner
INSTRUMENTATION_STATUS: numtests=152
INSTRUMENTATION_STATUS: stream=.
INSTRUMENTATION_STATUS: test=midnightTrafficWithoutDestinationGapRemainsInDetail
INSTRUMENTATION_STATUS_CODE: 0
INSTRUMENTATION_STATUS: class=com.yangchengwei.easytrip.itinerary.calendar.CalendarInteractionTest
INSTRUMENTATION_STATUS: current=92
INSTRUMENTATION_STATUS: id=AndroidJUnitRunner
INSTRUMENTATION_STATUS: numtests=152
INSTRUMENTATION_STATUS: stream=
INSTRUMENTATION_STATUS: test=swipeThenPauseDoesNotTurnIntoResize
INSTRUMENTATION_STATUS_CODE: 1
INSTRUMENTATION_STATUS: class=com.yangchengwei.easytrip.itinerary.calendar.CalendarInteractionTest
INSTRUMENTATION_STATUS: current=92
INSTRUMENTATION_STATUS: id=AndroidJUnitRunner
INSTRUMENTATION_STATUS: numtests=152
INSTRUMENTATION_STATUS: stream=.
INSTRUMENTATION_STATUS: test=swipeThenPauseDoesNotTurnIntoResize
INSTRUMENTATION_STATUS_CODE: 0
INSTRUMENTATION_STATUS: class=com.yangchengwei.easytrip.itinerary.calendar.CalendarInteractionTest
INSTRUMENTATION_STATUS: current=93
INSTRUMENTATION_STATUS: id=AndroidJUnitRunner
INSTRUMENTATION_STATUS: numtests=152
INSTRUMENTATION_STATUS: stream=
INSTRUMENTATION_STATUS: test=quickSwipeFromUpperEdgeScrollsCalendarWithoutChangingArrival
INSTRUMENTATION_STATUS_CODE: 1
INSTRUMENTATION_STATUS: class=com.yangchengwei.easytrip.itinerary.calendar.CalendarInteractionTest
INSTRUMENTATION_STATUS: current=93
INSTRUMENTATION_STATUS: id=AndroidJUnitRunner
INSTRUMENTATION_STATUS: numtests=152
INSTRUMENTATION_STATUS: stream=.
INSTRUMENTATION_STATUS: test=quickSwipeFromUpperEdgeScrollsCalendarWithoutChangingArrival
INSTRUMENTATION_STATUS_CODE: 0
INSTRUMENTATION_STATUS: class=com.yangchengwei.easytrip.itinerary.calendar.CalendarInteractionTest
INSTRUMENTATION_STATUS: current=94
INSTRUMENTATION_STATUS: id=AndroidJUnitRunner
INSTRUMENTATION_STATUS: numtests=152
INSTRUMENTATION_STATUS: stream=
INSTRUMENTATION_STATUS: test=pendingOutsideDropAndCancelledGestureDoNotWrite
INSTRUMENTATION_STATUS_CODE: 1
INSTRUMENTATION_STATUS: class=com.yangchengwei.easytrip.itinerary.calendar.CalendarInteractionTest
INSTRUMENTATION_STATUS: current=94
INSTRUMENTATION_STATUS: id=AndroidJUnitRunner
INSTRUMENTATION_STATUS: numtests=152
INSTRUMENTATION_STATUS: stream=.
INSTRUMENTATION_STATUS: test=pendingOutsideDropAndCancelledGestureDoNotWrite
INSTRUMENTATION_STATUS_CODE: 0
INSTRUMENTATION_STATUS: class=com.yangchengwei.easytrip.itinerary.calendar.CalendarInteractionTest
INSTRUMENTATION_STATUS: current=95
INSTRUMENTATION_STATUS: id=AndroidJUnitRunner
INSTRUMENTATION_STATUS: numtests=152
INSTRUMENTATION_STATUS: stream=
INSTRUMENTATION_STATUS: test=gapsUnderThirtyMinutesHideTrafficWithoutDestinationFallback
INSTRUMENTATION_STATUS_CODE: 1
INSTRUMENTATION_STATUS: class=com.yangchengwei.easytrip.itinerary.calendar.CalendarInteractionTest
INSTRUMENTATION_STATUS: current=95
INSTRUMENTATION_STATUS: id=AndroidJUnitRunner
INSTRUMENTATION_STATUS: numtests=152
INSTRUMENTATION_STATUS: stream=.
INSTRUMENTATION_STATUS: test=gapsUnderThirtyMinutesHideTrafficWithoutDestinationFallback
INSTRUMENTATION_STATUS_CODE: 0
INSTRUMENTATION_STATUS: class=com.yangchengwei.easytrip.itinerary.calendar.CalendarInteractionTest
INSTRUMENTATION_STATUS: current=96
INSTRUMENTATION_STATUS: id=AndroidJUnitRunner
INSTRUMENTATION_STATUS: numtests=152
INSTRUMENTATION_STATUS: stream=
INSTRUMENTATION_STATUS: test=narrowLargeFontPagerContainsOnlyRealFinalDay
INSTRUMENTATION_STATUS_CODE: 1
INSTRUMENTATION_STATUS: class=com.yangchengwei.easytrip.itinerary.calendar.CalendarInteractionTest
INSTRUMENTATION_STATUS: current=96
INSTRUMENTATION_STATUS: id=AndroidJUnitRunner
INSTRUMENTATION_STATUS: numtests=152
INSTRUMENTATION_STATUS: stream=.
INSTRUMENTATION_STATUS: test=narrowLargeFontPagerContainsOnlyRealFinalDay
INSTRUMENTATION_STATUS_CODE: 0
INSTRUMENTATION_STATUS: class=com.yangchengwei.easytrip.itinerary.calendar.CalendarInteractionTest
INSTRUMENTATION_STATUS: current=97
INSTRUMENTATION_STATUS: id=AndroidJUnitRunner
INSTRUMENTATION_STATUS: numtests=152
INSTRUMENTATION_STATUS: stream=
INSTRUMENTATION_STATUS: test=largeFontHintMeasuresHeightWithoutMovingTimelineOrDroppingMainText
INSTRUMENTATION_STATUS_CODE: 1
INSTRUMENTATION_STATUS: class=com.yangchengwei.easytrip.itinerary.calendar.CalendarInteractionTest
INSTRUMENTATION_STATUS: current=97
INSTRUMENTATION_STATUS: id=AndroidJUnitRunner
INSTRUMENTATION_STATUS: numtests=152
INSTRUMENTATION_STATUS: stream=.
INSTRUMENTATION_STATUS: test=largeFontHintMeasuresHeightWithoutMovingTimelineOrDroppingMainText
INSTRUMENTATION_STATUS_CODE: 0
INSTRUMENTATION_STATUS: class=com.yangchengwei.easytrip.itinerary.calendar.CalendarInteractionTest
INSTRUMENTATION_STATUS: current=98
INSTRUMENTATION_STATUS: id=AndroidJUnitRunner
INSTRUMENTATION_STATUS: numtests=152
INSTRUMENTATION_STATUS: stream=
INSTRUMENTATION_STATUS: test=externalTimingChangeDuringDragCancelsTheDraft
INSTRUMENTATION_STATUS_CODE: 1
INSTRUMENTATION_STATUS: class=com.yangchengwei.easytrip.itinerary.calendar.CalendarInteractionTest
INSTRUMENTATION_STATUS: current=98
INSTRUMENTATION_STATUS: id=AndroidJUnitRunner
INSTRUMENTATION_STATUS: numtests=152
INSTRUMENTATION_STATUS: stream=.
INSTRUMENTATION_STATUS: test=externalTimingChangeDuringDragCancelsTheDraft
INSTRUMENTATION_STATUS_CODE: 0
INSTRUMENTATION_STATUS: class=com.yangchengwei.easytrip.itinerary.calendar.CalendarInteractionTest
INSTRUMENTATION_STATUS: current=99
INSTRUMENTATION_STATUS: id=AndroidJUnitRunner
INSTRUMENTATION_STATUS: numtests=152
INSTRUMENTATION_STATUS: stream=
INSTRUMENTATION_STATUS: test=wholeTripShowsTrafficAndOpensSourceDayBeforeEditingRoute
INSTRUMENTATION_STATUS_CODE: 1
INSTRUMENTATION_STATUS: class=com.yangchengwei.easytrip.itinerary.calendar.CalendarInteractionTest
INSTRUMENTATION_STATUS: current=99
INSTRUMENTATION_STATUS: id=AndroidJUnitRunner
INSTRUMENTATION_STATUS: numtests=152
INSTRUMENTATION_STATUS: stream=.
INSTRUMENTATION_STATUS: test=wholeTripShowsTrafficAndOpensSourceDayBeforeEditingRoute
INSTRUMENTATION_STATUS_CODE: 0
INSTRUMENTATION_STATUS: class=com.yangchengwei.easytrip.itinerary.calendar.CalendarInteractionTest
INSTRUMENTATION_STATUS: current=100
INSTRUMENTATION_STATUS: id=AndroidJUnitRunner
INSTRUMENTATION_STATUS: numtests=152
INSTRUMENTATION_STATUS: stream=
INSTRUMENTATION_STATUS: test=moreThanTwoOverlapsOpenReadableIndependentEntries
INSTRUMENTATION_STATUS_CODE: 1
INSTRUMENTATION_STATUS: class=com.yangchengwei.easytrip.itinerary.calendar.CalendarInteractionTest
INSTRUMENTATION_STATUS: current=100
INSTRUMENTATION_STATUS: id=AndroidJUnitRunner
INSTRUMENTATION_STATUS: numtests=152
INSTRUMENTATION_STATUS: stream=.
INSTRUMENTATION_STATUS: test=moreThanTwoOverlapsOpenReadableIndependentEntries
INSTRUMENTATION_STATUS_CODE: 0
INSTRUMENTATION_STATUS: class=com.yangchengwei.easytrip.itinerary.calendar.CalendarInteractionTest
INSTRUMENTATION_STATUS: current=101
INSTRUMENTATION_STATUS: id=AndroidJUnitRunner
INSTRUMENTATION_STATUS: numtests=152
INSTRUMENTATION_STATUS: stream=
INSTRUMENTATION_STATUS: test=thirtyDayPagerAndHorizontalSwipeReachLastRealDay
INSTRUMENTATION_STATUS_CODE: 1
INSTRUMENTATION_STATUS: class=com.yangchengwei.easytrip.itinerary.calendar.CalendarInteractionTest
INSTRUMENTATION_STATUS: current=101
INSTRUMENTATION_STATUS: id=AndroidJUnitRunner
INSTRUMENTATION_STATUS: numtests=152
INSTRUMENTATION_STATUS: stream=.
INSTRUMENTATION_STATUS: test=thirtyDayPagerAndHorizontalSwipeReachLastRealDay
INSTRUMENTATION_STATUS_CODE: 0
INSTRUMENTATION_STATUS: class=com.yangchengwei.easytrip.itinerary.calendar.CalendarInteractionTest
INSTRUMENTATION_STATUS: current=102
INSTRUMENTATION_STATUS: id=AndroidJUnitRunner
INSTRUMENTATION_STATUS: numtests=152
INSTRUMENTATION_STATUS: stream=
INSTRUMENTATION_STATUS: test=wholeTripShortWalkFitsGapAndOpensSourceDay
INSTRUMENTATION_STATUS_CODE: 1
INSTRUMENTATION_STATUS: class=com.yangchengwei.easytrip.itinerary.calendar.CalendarInteractionTest
INSTRUMENTATION_STATUS: current=102
INSTRUMENTATION_STATUS: id=AndroidJUnitRunner
INSTRUMENTATION_STATUS: numtests=152
INSTRUMENTATION_STATUS: stream=.
INSTRUMENTATION_STATUS: test=wholeTripShortWalkFitsGapAndOpensSourceDay
INSTRUMENTATION_STATUS_CODE: 0
INSTRUMENTATION_STATUS: class=com.yangchengwei.easytrip.itinerary.calendar.CalendarInteractionTest
INSTRUMENTATION_STATUS: current=103
INSTRUMENTATION_STATUS: id=AndroidJUnitRunner
INSTRUMENTATION_STATUS: numtests=152
INSTRUMENTATION_STATUS: stream=
INSTRUMENTATION_STATUS: test=unsetStayUsesFullCardAndNoOpKeepsNull
INSTRUMENTATION_STATUS_CODE: 1
INSTRUMENTATION_STATUS: class=com.yangchengwei.easytrip.itinerary.calendar.CalendarInteractionTest
INSTRUMENTATION_STATUS: current=103
INSTRUMENTATION_STATUS: id=AndroidJUnitRunner
INSTRUMENTATION_STATUS: numtests=152
INSTRUMENTATION_STATUS: stream=.
INSTRUMENTATION_STATUS: test=unsetStayUsesFullCardAndNoOpKeepsNull
INSTRUMENTATION_STATUS_CODE: 0
INSTRUMENTATION_STATUS: class=com.yangchengwei.easytrip.itinerary.calendar.CalendarInteractionTest
INSTRUMENTATION_STATUS: current=104
INSTRUMENTATION_STATUS: id=AndroidJUnitRunner
INSTRUMENTATION_STATUS: numtests=152
INSTRUMENTATION_STATUS: stream=
INSTRUMENTATION_STATUS: test=resizeCuesFollowFingerAboveBothEdgesAndDisappearAfterReleaseOrCancel
INSTRUMENTATION_STATUS_CODE: 1
INSTRUMENTATION_STATUS: class=com.yangchengwei.easytrip.itinerary.calendar.CalendarInteractionTest
INSTRUMENTATION_STATUS: current=104
INSTRUMENTATION_STATUS: id=AndroidJUnitRunner
INSTRUMENTATION_STATUS: numtests=152
INSTRUMENTATION_STATUS: stream=.
INSTRUMENTATION_STATUS: test=resizeCuesFollowFingerAboveBothEdgesAndDisappearAfterReleaseOrCancel
INSTRUMENTATION_STATUS_CODE: 0
INSTRUMENTATION_STATUS: class=com.yangchengwei.easytrip.itinerary.calendar.CalendarInteractionTest
INSTRUMENTATION_STATUS: current=105
INSTRUMENTATION_STATUS: id=AndroidJUnitRunner
INSTRUMENTATION_STATUS: numtests=152
INSTRUMENTATION_STATUS: stream=
INSTRUMENTATION_STATUS: test=quickSwipeFromLowerEdgeScrollsCalendarWithoutChangingStay
INSTRUMENTATION_STATUS_CODE: 1
INSTRUMENTATION_STATUS: class=com.yangchengwei.easytrip.itinerary.calendar.CalendarInteractionTest
INSTRUMENTATION_STATUS: current=105
INSTRUMENTATION_STATUS: id=AndroidJUnitRunner
INSTRUMENTATION_STATUS: numtests=152
INSTRUMENTATION_STATUS: stream=.
INSTRUMENTATION_STATUS: test=quickSwipeFromLowerEdgeScrollsCalendarWithoutChangingStay
INSTRUMENTATION_STATUS_CODE: 0
INSTRUMENTATION_STATUS: class=com.yangchengwei.easytrip.itinerary.calendar.CalendarInteractionTest
INSTRUMENTATION_STATUS: current=106
INSTRUMENTATION_STATUS: id=AndroidJUnitRunner
INSTRUMENTATION_STATUS: numtests=152
INSTRUMENTATION_STATUS: stream=
INSTRUMENTATION_STATUS: test=placeholderBlocksTrafficAndUnknownEstimateStaysReachableInDetail
INSTRUMENTATION_STATUS_CODE: 1
INSTRUMENTATION_STATUS: class=com.yangchengwei.easytrip.itinerary.calendar.CalendarInteractionTest
INSTRUMENTATION_STATUS: current=106
INSTRUMENTATION_STATUS: id=AndroidJUnitRunner
INSTRUMENTATION_STATUS: numtests=152
INSTRUMENTATION_STATUS: stream=.
INSTRUMENTATION_STATUS: test=placeholderBlocksTrafficAndUnknownEstimateStaysReachableInDetail
INSTRUMENTATION_STATUS_CODE: 0
INSTRUMENTATION_STATUS: class=com.yangchengwei.easytrip.itinerary.calendar.CalendarInteractionTest
INSTRUMENTATION_STATUS: current=107
INSTRUMENTATION_STATUS: id=AndroidJUnitRunner
INSTRUMENTATION_STATUS: numtests=152
INSTRUMENTATION_STATUS: stream=
INSTRUMENTATION_STATUS: test=twoMinuteWalkUsesThirtyMinuteGapOutsideDestination
INSTRUMENTATION_STATUS_CODE: 1
INSTRUMENTATION_STATUS: class=com.yangchengwei.easytrip.itinerary.calendar.CalendarInteractionTest
INSTRUMENTATION_STATUS: current=107
INSTRUMENTATION_STATUS: id=AndroidJUnitRunner
INSTRUMENTATION_STATUS: numtests=152
INSTRUMENTATION_STATUS: stream=.
INSTRUMENTATION_STATUS: test=twoMinuteWalkUsesThirtyMinuteGapOutsideDestination
INSTRUMENTATION_STATUS_CODE: 0
INSTRUMENTATION_STATUS: class=com.yangchengwei.easytrip.itinerary.calendar.CalendarInteractionTest
INSTRUMENTATION_STATUS: current=108
INSTRUMENTATION_STATUS: id=AndroidJUnitRunner
INSTRUMENTATION_STATUS: numtests=152
INSTRUMENTATION_STATUS: stream=
INSTRUMENTATION_STATUS: test=trafficHiddenByTextWidthAlsoHidesPlaceWarning
INSTRUMENTATION_STATUS_CODE: 1
INSTRUMENTATION_STATUS: class=com.yangchengwei.easytrip.itinerary.calendar.CalendarInteractionTest
INSTRUMENTATION_STATUS: current=108
INSTRUMENTATION_STATUS: id=AndroidJUnitRunner
INSTRUMENTATION_STATUS: numtests=152
INSTRUMENTATION_STATUS: stream=.
INSTRUMENTATION_STATUS: test=trafficHiddenByTextWidthAlsoHidesPlaceWarning
INSTRUMENTATION_STATUS_CODE: 0
INSTRUMENTATION_STATUS: class=com.yangchengwei.easytrip.itinerary.calendar.CalendarInteractionTest
INSTRUMENTATION_STATUS: current=109
INSTRUMENTATION_STATUS: id=AndroidJUnitRunner
INSTRUMENTATION_STATUS: numtests=152
INSTRUMENTATION_STATUS: stream=
INSTRUMENTATION_STATUS: test=lateUnsetStayKeepsLowerHintVisibleAndDoesNotPretendStayWasSaved
INSTRUMENTATION_STATUS_CODE: 1
INSTRUMENTATION_STATUS: class=com.yangchengwei.easytrip.itinerary.calendar.CalendarInteractionTest
INSTRUMENTATION_STATUS: current=109
INSTRUMENTATION_STATUS: id=AndroidJUnitRunner
INSTRUMENTATION_STATUS: numtests=152
INSTRUMENTATION_STATUS: stream=.
INSTRUMENTATION_STATUS: test=lateUnsetStayKeepsLowerHintVisibleAndDoesNotPretendStayWasSaved
INSTRUMENTATION_STATUS_CODE: 0
INSTRUMENTATION_STATUS: class=com.yangchengwei.easytrip.itinerary.calendar.CalendarInteractionTest
INSTRUMENTATION_STATUS: current=110
INSTRUMENTATION_STATUS: id=AndroidJUnitRunner
INSTRUMENTATION_STATUS: numtests=152
INSTRUMENTATION_STATUS: stream=
INSTRUMENTATION_STATUS: test=longPressResizeWorksAtLeftCenterAndRightOfBothEdges
INSTRUMENTATION_STATUS_CODE: 1
INSTRUMENTATION_STATUS: class=com.yangchengwei.easytrip.itinerary.calendar.CalendarInteractionTest
INSTRUMENTATION_STATUS: current=110
INSTRUMENTATION_STATUS: id=AndroidJUnitRunner
INSTRUMENTATION_STATUS: numtests=152
INSTRUMENTATION_STATUS: stream=.
INSTRUMENTATION_STATUS: test=longPressResizeWorksAtLeftCenterAndRightOfBothEdges
INSTRUMENTATION_STATUS_CODE: 0
INSTRUMENTATION_STATUS: class=com.yangchengwei.easytrip.itinerary.calendar.CalendarInteractionTest
INSTRUMENTATION_STATUS: current=111
INSTRUMENTATION_STATUS: id=AndroidJUnitRunner
INSTRUMENTATION_STATUS: numtests=152
INSTRUMENTATION_STATUS: stream=
INSTRUMENTATION_STATUS: test=trafficDoesNotReduceTwoDayColumnWidth
INSTRUMENTATION_STATUS_CODE: 1
INSTRUMENTATION_STATUS: class=com.yangchengwei.easytrip.itinerary.calendar.CalendarInteractionTest
INSTRUMENTATION_STATUS: current=111
INSTRUMENTATION_STATUS: id=AndroidJUnitRunner
INSTRUMENTATION_STATUS: numtests=152
INSTRUMENTATION_STATUS: stream=.
INSTRUMENTATION_STATUS: test=trafficDoesNotReduceTwoDayColumnWidth
INSTRUMENTATION_STATUS_CODE: 0
INSTRUMENTATION_STATUS: class=com.yangchengwei.easytrip.itinerary.calendar.CalendarInteractionTest
INSTRUMENTATION_STATUS: current=112
INSTRUMENTATION_STATUS: id=AndroidJUnitRunner
INSTRUMENTATION_STATUS: numtests=152
INSTRUMENTATION_STATUS: stream=
INSTRUMENTATION_STATUS: test=denseShortGapsHideTrafficButKeepRouteDetails
INSTRUMENTATION_STATUS_CODE: 1
INSTRUMENTATION_STATUS: class=com.yangchengwei.easytrip.itinerary.calendar.CalendarInteractionTest
INSTRUMENTATION_STATUS: current=112
INSTRUMENTATION_STATUS: id=AndroidJUnitRunner
INSTRUMENTATION_STATUS: numtests=152
INSTRUMENTATION_STATUS: stream=.
INSTRUMENTATION_STATUS: test=denseShortGapsHideTrafficButKeepRouteDetails
INSTRUMENTATION_STATUS_CODE: 0
INSTRUMENTATION_STATUS: class=com.yangchengwei.easytrip.itinerary.calendar.CalendarInteractionTest
INSTRUMENTATION_STATUS: current=113
INSTRUMENTATION_STATUS: id=AndroidJUnitRunner
INSTRUMENTATION_STATUS: numtests=152
INSTRUMENTATION_STATUS: stream=
INSTRUMENTATION_STATUS: test=narrowWholeTripKeepsReadableVisitAndTrafficAndCanPage
INSTRUMENTATION_STATUS_CODE: 1
INSTRUMENTATION_STATUS: class=com.yangchengwei.easytrip.itinerary.calendar.CalendarInteractionTest
INSTRUMENTATION_STATUS: current=113
INSTRUMENTATION_STATUS: id=AndroidJUnitRunner
INSTRUMENTATION_STATUS: numtests=152
INSTRUMENTATION_STATUS: stream=.
INSTRUMENTATION_STATUS: test=narrowWholeTripKeepsReadableVisitAndTrafficAndCanPage
INSTRUMENTATION_STATUS_CODE: 0
INSTRUMENTATION_STATUS: class=com.yangchengwei.easytrip.itinerary.calendar.CalendarInteractionTest
INSTRUMENTATION_STATUS: current=114
INSTRUMENTATION_STATUS: id=AndroidJUnitRunner
INSTRUMENTATION_STATUS: numtests=152
INSTRUMENTATION_STATUS: stream=
INSTRUMENTATION_STATUS: test=wholeTripIsReadOnlyAndTapFocusesSourceDay
INSTRUMENTATION_STATUS_CODE: 1
INSTRUMENTATION_STATUS: class=com.yangchengwei.easytrip.itinerary.calendar.CalendarInteractionTest
INSTRUMENTATION_STATUS: current=114
INSTRUMENTATION_STATUS: id=AndroidJUnitRunner
INSTRUMENTATION_STATUS: numtests=152
INSTRUMENTATION_STATUS: stream=.
INSTRUMENTATION_STATUS: test=wholeTripIsReadOnlyAndTapFocusesSourceDay
INSTRUMENTATION_STATUS_CODE: 0
INSTRUMENTATION_STATUS: class=com.yangchengwei.easytrip.itinerary.calendar.CalendarInteractionTest
INSTRUMENTATION_STATUS: current=115
INSTRUMENTATION_STATUS: id=AndroidJUnitRunner
INSTRUMENTATION_STATUS: numtests=152
INSTRUMENTATION_STATUS: stream=
INSTRUMENTATION_STATUS: test=shortAndZeroMinuteEventsOpenFromTimelineWithoutDuplicateFooter
INSTRUMENTATION_STATUS_CODE: 1
INSTRUMENTATION_STATUS: class=com.yangchengwei.easytrip.itinerary.calendar.CalendarInteractionTest
INSTRUMENTATION_STATUS: current=115
INSTRUMENTATION_STATUS: id=AndroidJUnitRunner
INSTRUMENTATION_STATUS: numtests=152
INSTRUMENTATION_STATUS: stream=.
INSTRUMENTATION_STATUS: test=shortAndZeroMinuteEventsOpenFromTimelineWithoutDuplicateFooter
INSTRUMENTATION_STATUS_CODE: 0
INSTRUMENTATION_STATUS: class=com.yangchengwei.easytrip.itinerary.calendar.CalendarInteractionTest
INSTRUMENTATION_STATUS: current=116
INSTRUMENTATION_STATUS: id=AndroidJUnitRunner
INSTRUMENTATION_STATUS: numtests=152
INSTRUMENTATION_STATUS: stream=
INSTRUMENTATION_STATUS: test=unsetCardsNeverBecomeRealOverlapAggregateAndFortyMinuteCardOpensOnTimeline
INSTRUMENTATION_STATUS_CODE: 1
INSTRUMENTATION_STATUS: class=com.yangchengwei.easytrip.itinerary.calendar.CalendarInteractionTest
INSTRUMENTATION_STATUS: current=116
INSTRUMENTATION_STATUS: id=AndroidJUnitRunner
INSTRUMENTATION_STATUS: numtests=152
INSTRUMENTATION_STATUS: stream=.
INSTRUMENTATION_STATUS: test=unsetCardsNeverBecomeRealOverlapAggregateAndFortyMinuteCardOpensOnTimeline
INSTRUMENTATION_STATUS_CODE: 0
INSTRUMENTATION_STATUS: class=com.yangchengwei.easytrip.itinerary.calendar.CalendarInteractionTest
INSTRUMENTATION_STATUS: current=117
INSTRUMENTATION_STATUS: id=AndroidJUnitRunner
INSTRUMENTATION_STATUS: numtests=152
INSTRUMENTATION_STATUS: stream=
INSTRUMENTATION_STATUS: test=unsetStayShowsEdgeCueAfterLongPressAndBodyMoveDoesNot
INSTRUMENTATION_STATUS_CODE: 1
INSTRUMENTATION_STATUS: class=com.yangchengwei.easytrip.itinerary.calendar.CalendarInteractionTest
INSTRUMENTATION_STATUS: current=117
INSTRUMENTATION_STATUS: id=AndroidJUnitRunner
INSTRUMENTATION_STATUS: numtests=152
INSTRUMENTATION_STATUS: stream=.
INSTRUMENTATION_STATUS: test=unsetStayShowsEdgeCueAfterLongPressAndBodyMoveDoesNot
INSTRUMENTATION_STATUS_CODE: 0
INSTRUMENTATION_STATUS: class=com.yangchengwei.easytrip.itinerary.calendar.CalendarInteractionTest
INSTRUMENTATION_STATUS: current=118
INSTRUMENTATION_STATUS: id=AndroidJUnitRunner
INSTRUMENTATION_STATUS: numtests=152
INSTRUMENTATION_STATUS: stream=
INSTRUMENTATION_STATUS: test=movingAfterWholeToSingleUsesCurrentDayAndKeyboardCancelsOrCommits
INSTRUMENTATION_STATUS_CODE: 1
INSTRUMENTATION_STATUS: class=com.yangchengwei.easytrip.itinerary.calendar.CalendarInteractionTest
INSTRUMENTATION_STATUS: current=118
INSTRUMENTATION_STATUS: id=AndroidJUnitRunner
INSTRUMENTATION_STATUS: numtests=152
INSTRUMENTATION_STATUS: stream=.
INSTRUMENTATION_STATUS: test=movingAfterWholeToSingleUsesCurrentDayAndKeyboardCancelsOrCommits
INSTRUMENTATION_STATUS_CODE: 0
INSTRUMENTATION_STATUS: class=com.yangchengwei.easytrip.itinerary.calendar.CalendarInteractionTest
INSTRUMENTATION_STATUS: current=119
INSTRUMENTATION_STATUS: id=AndroidJUnitRunner
INSTRUMENTATION_STATUS: numtests=152
INSTRUMENTATION_STATUS: stream=
INSTRUMENTATION_STATUS: test=pendingRouteRemainsReachableThroughDetail
INSTRUMENTATION_STATUS_CODE: 1
INSTRUMENTATION_STATUS: class=com.yangchengwei.easytrip.itinerary.calendar.CalendarInteractionTest
INSTRUMENTATION_STATUS: current=119
INSTRUMENTATION_STATUS: id=AndroidJUnitRunner
INSTRUMENTATION_STATUS: numtests=152
INSTRUMENTATION_STATUS: stream=.
INSTRUMENTATION_STATUS: test=pendingRouteRemainsReachableThroughDetail
INSTRUMENTATION_STATUS_CODE: 0
INSTRUMENTATION_STATUS: class=com.yangchengwei.easytrip.itinerary.calendar.CalendarInteractionTest
INSTRUMENTATION_STATUS: current=120
INSTRUMENTATION_STATUS: id=AndroidJUnitRunner
INSTRUMENTATION_STATUS: numtests=152
INSTRUMENTATION_STATUS: stream=
INSTRUMENTATION_STATUS: test=longPressBodyMovesWithoutChangingDuration
INSTRUMENTATION_STATUS_CODE: 1
INSTRUMENTATION_STATUS: class=com.yangchengwei.easytrip.itinerary.calendar.CalendarInteractionTest
INSTRUMENTATION_STATUS: current=120
INSTRUMENTATION_STATUS: id=AndroidJUnitRunner
INSTRUMENTATION_STATUS: numtests=152
INSTRUMENTATION_STATUS: stream=.
INSTRUMENTATION_STATUS: test=longPressBodyMovesWithoutChangingDuration
INSTRUMENTATION_STATUS_CODE: 0
INSTRUMENTATION_STATUS: class=com.yangchengwei.easytrip.itinerary.calendar.CalendarInteractionTest
INSTRUMENTATION_STATUS: current=121
INSTRUMENTATION_STATUS: id=AndroidJUnitRunner
INSTRUMENTATION_STATUS: numtests=152
INSTRUMENTATION_STATUS: stream=
INSTRUMENTATION_STATUS: test=sourceDetailIncludesRouteWhoseTrafficStartsOnNextDay
INSTRUMENTATION_STATUS_CODE: 1
INSTRUMENTATION_STATUS: class=com.yangchengwei.easytrip.itinerary.calendar.CalendarInteractionTest
INSTRUMENTATION_STATUS: current=121
INSTRUMENTATION_STATUS: id=AndroidJUnitRunner
INSTRUMENTATION_STATUS: numtests=152
INSTRUMENTATION_STATUS: stream=.
INSTRUMENTATION_STATUS: test=sourceDetailIncludesRouteWhoseTrafficStartsOnNextDay
INSTRUMENTATION_STATUS_CODE: 0
INSTRUMENTATION_STATUS: class=com.yangchengwei.easytrip.itinerary.calendar.CalendarInteractionTest
INSTRUMENTATION_STATUS: current=122
INSTRUMENTATION_STATUS: id=AndroidJUnitRunner
INSTRUMENTATION_STATUS: numtests=152
INSTRUMENTATION_STATUS: stream=
INSTRUMENTATION_STATUS: test=largeFontShortGapHidesTrafficWithoutInventingExtraHeight
INSTRUMENTATION_STATUS_CODE: 1
INSTRUMENTATION_STATUS: class=com.yangchengwei.easytrip.itinerary.calendar.CalendarInteractionTest
INSTRUMENTATION_STATUS: current=122
INSTRUMENTATION_STATUS: id=AndroidJUnitRunner
INSTRUMENTATION_STATUS: numtests=152
INSTRUMENTATION_STATUS: stream=.
INSTRUMENTATION_STATUS: test=largeFontShortGapHidesTrafficWithoutInventingExtraHeight
INSTRUMENTATION_STATUS_CODE: 0
INSTRUMENTATION_STATUS: class=com.yangchengwei.easytrip.itinerary.calendar.CalendarInteractionTest
INSTRUMENTATION_STATUS: current=123
INSTRUMENTATION_STATUS: id=AndroidJUnitRunner
INSTRUMENTATION_STATUS: numtests=152
INSTRUMENTATION_STATUS: stream=
INSTRUMENTATION_STATUS: test=largeFontShortWalkFitsThirtyMinuteGapWithoutCoveringDestination
INSTRUMENTATION_STATUS_CODE: 1
INSTRUMENTATION_STATUS: class=com.yangchengwei.easytrip.itinerary.calendar.CalendarInteractionTest
INSTRUMENTATION_STATUS: current=123
INSTRUMENTATION_STATUS: id=AndroidJUnitRunner
INSTRUMENTATION_STATUS: numtests=152
INSTRUMENTATION_STATUS: stream=.
INSTRUMENTATION_STATUS: test=largeFontShortWalkFitsThirtyMinuteGapWithoutCoveringDestination
INSTRUMENTATION_STATUS_CODE: 0
INSTRUMENTATION_STATUS: class=com.yangchengwei.easytrip.itinerary.calendar.CalendarInteractionTest
INSTRUMENTATION_STATUS: current=124
INSTRUMENTATION_STATUS: id=AndroidJUnitRunner
INSTRUMENTATION_STATUS: numtests=152
INSTRUMENTATION_STATUS: stream=
INSTRUMENTATION_STATUS: test=midnightResizeUsesSummaryWithoutMovingTimeline
INSTRUMENTATION_STATUS_CODE: 1
INSTRUMENTATION_STATUS: class=com.yangchengwei.easytrip.itinerary.calendar.CalendarInteractionTest
INSTRUMENTATION_STATUS: current=124
INSTRUMENTATION_STATUS: id=AndroidJUnitRunner
INSTRUMENTATION_STATUS: numtests=152
INSTRUMENTATION_STATUS: stream=.
INSTRUMENTATION_STATUS: test=midnightResizeUsesSummaryWithoutMovingTimeline
INSTRUMENTATION_STATUS_CODE: 0
INSTRUMENTATION_STATUS: class=com.yangchengwei.easytrip.itinerary.calendar.CalendarInteractionTest
INSTRUMENTATION_STATUS: current=125
INSTRUMENTATION_STATUS: id=AndroidJUnitRunner
INSTRUMENTATION_STATUS: numtests=152
INSTRUMENTATION_STATUS: stream=
INSTRUMENTATION_STATUS: test=trafficWarningFollowsResizeCancelAndSave
INSTRUMENTATION_STATUS_CODE: 1
INSTRUMENTATION_STATUS: class=com.yangchengwei.easytrip.itinerary.calendar.CalendarInteractionTest
INSTRUMENTATION_STATUS: current=125
INSTRUMENTATION_STATUS: id=AndroidJUnitRunner
INSTRUMENTATION_STATUS: numtests=152
INSTRUMENTATION_STATUS: stream=.
INSTRUMENTATION_STATUS: test=trafficWarningFollowsResizeCancelAndSave
INSTRUMENTATION_STATUS_CODE: 0
INSTRUMENTATION_STATUS: class=com.yangchengwei.easytrip.itinerary.calendar.CalendarInteractionTest
INSTRUMENTATION_STATUS: current=126
INSTRUMENTATION_STATUS: id=AndroidJUnitRunner
INSTRUMENTATION_STATUS: numtests=152
INSTRUMENTATION_STATUS: stream=
INSTRUMENTATION_STATUS: test=floatingAndFixedTransitionHasHysteresisAndKeepsGridPosition
INSTRUMENTATION_STATUS_CODE: 1
INSTRUMENTATION_STATUS: class=com.yangchengwei.easytrip.itinerary.calendar.CalendarInteractionTest
INSTRUMENTATION_STATUS: current=126
INSTRUMENTATION_STATUS: id=AndroidJUnitRunner
INSTRUMENTATION_STATUS: numtests=152
INSTRUMENTATION_STATUS: stream=.
INSTRUMENTATION_STATUS: test=floatingAndFixedTransitionHasHysteresisAndKeepsGridPosition
INSTRUMENTATION_STATUS_CODE: 0
INSTRUMENTATION_STATUS: class=com.yangchengwei.easytrip.itinerary.calendar.CalendarInteractionTest
INSTRUMENTATION_STATUS: current=127
INSTRUMENTATION_STATUS: id=AndroidJUnitRunner
INSTRUMENTATION_STATUS: numtests=152
INSTRUMENTATION_STATUS: stream=
INSTRUMENTATION_STATUS: test=trafficWarningAppearsOnlyWhenGapReachesThirtyMinutes
INSTRUMENTATION_STATUS_CODE: 1
INSTRUMENTATION_STATUS: class=com.yangchengwei.easytrip.itinerary.calendar.CalendarInteractionTest
INSTRUMENTATION_STATUS: current=127
INSTRUMENTATION_STATUS: id=AndroidJUnitRunner
INSTRUMENTATION_STATUS: numtests=152
INSTRUMENTATION_STATUS: stream=.
INSTRUMENTATION_STATUS: test=trafficWarningAppearsOnlyWhenGapReachesThirtyMinutes
INSTRUMENTATION_STATUS_CODE: 0
INSTRUMENTATION_STATUS: class=com.yangchengwei.easytrip.itinerary.calendar.CalendarInteractionTest
INSTRUMENTATION_STATUS: current=128
INSTRUMENTATION_STATUS: id=AndroidJUnitRunner
INSTRUMENTATION_STATUS: numtests=152
INSTRUMENTATION_STATUS: stream=
INSTRUMENTATION_STATUS: test=edgeTapOpensDetailAndLongHoldWithoutMovementPreservesUnsetStay
INSTRUMENTATION_STATUS_CODE: 1
INSTRUMENTATION_STATUS: class=com.yangchengwei.easytrip.itinerary.calendar.CalendarInteractionTest
INSTRUMENTATION_STATUS: current=128
INSTRUMENTATION_STATUS: id=AndroidJUnitRunner
INSTRUMENTATION_STATUS: numtests=152
INSTRUMENTATION_STATUS: stream=.
INSTRUMENTATION_STATUS: test=edgeTapOpensDetailAndLongHoldWithoutMovementPreservesUnsetStay
INSTRUMENTATION_STATUS_CODE: 0
INSTRUMENTATION_STATUS: class=com.yangchengwei.easytrip.itinerary.calendar.CalendarInteractionTest
INSTRUMENTATION_STATUS: current=129
INSTRUMENTATION_STATUS: id=AndroidJUnitRunner
INSTRUMENTATION_STATUS: numtests=152
INSTRUMENTATION_STATUS: stream=
INSTRUMENTATION_STATUS: test=trafficBlockShowsEstimateAndTrueIntervalWithoutCoveringVisitEdges
INSTRUMENTATION_STATUS_CODE: 1
INSTRUMENTATION_STATUS: class=com.yangchengwei.easytrip.itinerary.calendar.CalendarInteractionTest
INSTRUMENTATION_STATUS: current=129
INSTRUMENTATION_STATUS: id=AndroidJUnitRunner
INSTRUMENTATION_STATUS: numtests=152
INSTRUMENTATION_STATUS: stream=.
INSTRUMENTATION_STATUS: test=trafficBlockShowsEstimateAndTrueIntervalWithoutCoveringVisitEdges
INSTRUMENTATION_STATUS_CODE: 0
INSTRUMENTATION_STATUS: class=com.yangchengwei.easytrip.settings.AppSettingsTest
INSTRUMENTATION_STATUS: current=130
INSTRUMENTATION_STATUS: id=AndroidJUnitRunner
INSTRUMENTATION_STATUS: numtests=152
INSTRUMENTATION_STATUS: stream=
com.yangchengwei.easytrip.settings.AppSettingsTest:
INSTRUMENTATION_STATUS: test=smallScreenLargeFontsKeepsVersionAndUpdateReachable
INSTRUMENTATION_STATUS_CODE: 1
INSTRUMENTATION_STATUS: class=com.yangchengwei.easytrip.settings.AppSettingsTest
INSTRUMENTATION_STATUS: current=130
INSTRUMENTATION_STATUS: id=AndroidJUnitRunner
INSTRUMENTATION_STATUS: numtests=152
INSTRUMENTATION_STATUS: stream=.
INSTRUMENTATION_STATUS: test=smallScreenLargeFontsKeepsVersionAndUpdateReachable
INSTRUMENTATION_STATUS_CODE: 0
INSTRUMENTATION_STATUS: class=com.yangchengwei.easytrip.settings.AppSettingsTest
INSTRUMENTATION_STATUS: current=131
INSTRUMENTATION_STATUS: id=AndroidJUnitRunner
INSTRUMENTATION_STATUS: numtests=152
INSTRUMENTATION_STATUS: stream=
INSTRUMENTATION_STATUS: test=mapConsentRequiresReadAndConfirmsRevocationWithoutRemovingData
INSTRUMENTATION_STATUS_CODE: 1
INSTRUMENTATION_STATUS: class=com.yangchengwei.easytrip.settings.AppSettingsTest
INSTRUMENTATION_STATUS: current=131
INSTRUMENTATION_STATUS: id=AndroidJUnitRunner
INSTRUMENTATION_STATUS: numtests=152
INSTRUMENTATION_STATUS: stream=.
INSTRUMENTATION_STATUS: test=mapConsentRequiresReadAndConfirmsRevocationWithoutRemovingData
INSTRUMENTATION_STATUS_CODE: 0
INSTRUMENTATION_STATUS: class=com.yangchengwei.easytrip.settings.AppSettingsTest
INSTRUMENTATION_STATUS: current=132
INSTRUMENTATION_STATUS: id=AndroidJUnitRunner
INSTRUMENTATION_STATUS: numtests=152
INSTRUMENTATION_STATUS: stream=
INSTRUMENTATION_STATUS: test=globalSettingsShowsVersionAndIndependentActions
INSTRUMENTATION_STATUS_CODE: 1
INSTRUMENTATION_STATUS: class=com.yangchengwei.easytrip.settings.AppSettingsTest
INSTRUMENTATION_STATUS: current=132
INSTRUMENTATION_STATUS: id=AndroidJUnitRunner
INSTRUMENTATION_STATUS: numtests=152
INSTRUMENTATION_STATUS: stream=.
INSTRUMENTATION_STATUS: test=globalSettingsShowsVersionAndIndependentActions
INSTRUMENTATION_STATUS_CODE: 0
INSTRUMENTATION_STATUS: class=com.yangchengwei.easytrip.settings.AppSettingsTest
INSTRUMENTATION_STATUS: current=133
INSTRUMENTATION_STATUS: id=AndroidJUnitRunner
INSTRUMENTATION_STATUS: numtests=152
INSTRUMENTATION_STATUS: stream=
INSTRUMENTATION_STATUS: test=workspaceMenuContainsOnlyTripOperations
INSTRUMENTATION_STATUS_CODE: 1
INSTRUMENTATION_STATUS: class=com.yangchengwei.easytrip.settings.AppSettingsTest
INSTRUMENTATION_STATUS: current=133
INSTRUMENTATION_STATUS: id=AndroidJUnitRunner
INSTRUMENTATION_STATUS: numtests=152
INSTRUMENTATION_STATUS: stream=.
INSTRUMENTATION_STATUS: test=workspaceMenuContainsOnlyTripOperations
INSTRUMENTATION_STATUS_CODE: 0
INSTRUMENTATION_STATUS: class=com.yangchengwei.easytrip.settings.AppSettingsTest
INSTRUMENTATION_STATUS: current=134
INSTRUMENTATION_STATUS: id=AndroidJUnitRunner
INSTRUMENTATION_STATUS: numtests=152
INSTRUMENTATION_STATUS: stream=
INSTRUMENTATION_STATUS: test=updateStatesExposeOnlyValidActionsAndNeverDowngrade
INSTRUMENTATION_STATUS_CODE: 1
INSTRUMENTATION_STATUS: class=com.yangchengwei.easytrip.settings.AppSettingsTest
INSTRUMENTATION_STATUS: current=134
INSTRUMENTATION_STATUS: id=AndroidJUnitRunner
INSTRUMENTATION_STATUS: numtests=152
INSTRUMENTATION_STATUS: stream=.
INSTRUMENTATION_STATUS: test=updateStatesExposeOnlyValidActionsAndNeverDowngrade
INSTRUMENTATION_STATUS_CODE: 0
INSTRUMENTATION_STATUS: class=com.yangchengwei.easytrip.core.ui.theme.ThemePickerTest
INSTRUMENTATION_STATUS: current=135
INSTRUMENTATION_STATUS: id=AndroidJUnitRunner
INSTRUMENTATION_STATUS: numtests=152
INSTRUMENTATION_STATUS: stream=
com.yangchengwei.easytrip.core.ui.theme.ThemePickerTest:
INSTRUMENTATION_STATUS: test=atomicPreferenceSurvivesRestartAndInterruptedWriteKeepsSavedValue
INSTRUMENTATION_STATUS_CODE: 1
INSTRUMENTATION_STATUS: class=com.yangchengwei.easytrip.core.ui.theme.ThemePickerTest
INSTRUMENTATION_STATUS: current=135
INSTRUMENTATION_STATUS: id=AndroidJUnitRunner
INSTRUMENTATION_STATUS: numtests=152
INSTRUMENTATION_STATUS: stream=.
INSTRUMENTATION_STATUS: test=atomicPreferenceSurvivesRestartAndInterruptedWriteKeepsSavedValue
INSTRUMENTATION_STATUS_CODE: 0
INSTRUMENTATION_STATUS: class=com.yangchengwei.easytrip.core.ui.theme.ThemePickerTest
INSTRUMENTATION_STATUS: current=136
INSTRUMENTATION_STATUS: id=AndroidJUnitRunner
INSTRUMENTATION_STATUS: numtests=152
INSTRUMENTATION_STATUS: stream=
INSTRUMENTATION_STATUS: test=fiveThemesPreviewDiscardApplyAndKeepAccessibleSelection
INSTRUMENTATION_STATUS_CODE: 1
INSTRUMENTATION_STATUS: class=com.yangchengwei.easytrip.core.ui.theme.ThemePickerTest
INSTRUMENTATION_STATUS: current=136
INSTRUMENTATION_STATUS: id=AndroidJUnitRunner
INSTRUMENTATION_STATUS: numtests=152
INSTRUMENTATION_STATUS: stream=.
INSTRUMENTATION_STATUS: test=fiveThemesPreviewDiscardApplyAndKeepAccessibleSelection
INSTRUMENTATION_STATUS_CODE: 0
INSTRUMENTATION_STATUS: class=com.yangchengwei.easytrip.core.ui.theme.ThemePickerTest
INSTRUMENTATION_STATUS: current=137
INSTRUMENTATION_STATUS: id=AndroidJUnitRunner
INSTRUMENTATION_STATUS: numtests=152
INSTRUMENTATION_STATUS: stream=
INSTRUMENTATION_STATUS: test=savingDisablesSelectionAndAllBackActionsThenFailureCanRetry
INSTRUMENTATION_STATUS_CODE: 1
INSTRUMENTATION_STATUS: class=com.yangchengwei.easytrip.core.ui.theme.ThemePickerTest
INSTRUMENTATION_STATUS: current=137
INSTRUMENTATION_STATUS: id=AndroidJUnitRunner
INSTRUMENTATION_STATUS: numtests=152
INSTRUMENTATION_STATUS: stream=.
INSTRUMENTATION_STATUS: test=savingDisablesSelectionAndAllBackActionsThenFailureCanRetry
INSTRUMENTATION_STATUS_CODE: 0
INSTRUMENTATION_STATUS: class=com.yangchengwei.easytrip.core.ui.theme.ThemePickerTest
INSTRUMENTATION_STATUS: current=138
INSTRUMENTATION_STATUS: id=AndroidJUnitRunner
INSTRUMENTATION_STATUS: numtests=152
INSTRUMENTATION_STATUS: stream=
INSTRUMENTATION_STATUS: test=emptyIllustrationsFollowPaletteWithoutLosingSoftAccents
INSTRUMENTATION_STATUS_CODE: 1
INSTRUMENTATION_STATUS: class=com.yangchengwei.easytrip.core.ui.theme.ThemePickerTest
INSTRUMENTATION_STATUS: current=138
INSTRUMENTATION_STATUS: id=AndroidJUnitRunner
INSTRUMENTATION_STATUS: numtests=152
INSTRUMENTATION_STATUS: stream=.
INSTRUMENTATION_STATUS: test=emptyIllustrationsFollowPaletteWithoutLosingSoftAccents
INSTRUMENTATION_STATUS_CODE: 0
INSTRUMENTATION_STATUS: class=com.yangchengwei.easytrip.core.ui.theme.ThemePickerTest
INSTRUMENTATION_STATUS: current=139
INSTRUMENTATION_STATUS: id=AndroidJUnitRunner
INSTRUMENTATION_STATUS: numtests=152
INSTRUMENTATION_STATUS: stream=
INSTRUMENTATION_STATUS: test=smallScreenAndLargeFontsKeepLastOptionAndApplyReachable
INSTRUMENTATION_STATUS_CODE: 1
INSTRUMENTATION_STATUS: class=com.yangchengwei.easytrip.core.ui.theme.ThemePickerTest
INSTRUMENTATION_STATUS: current=139
INSTRUMENTATION_STATUS: id=AndroidJUnitRunner
INSTRUMENTATION_STATUS: numtests=152
INSTRUMENTATION_STATUS: stream=.
INSTRUMENTATION_STATUS: test=smallScreenAndLargeFontsKeepLastOptionAndApplyReachable
INSTRUMENTATION_STATUS_CODE: 0
INSTRUMENTATION_STATUS: class=com.yangchengwei.easytrip.workspace.WorkspacePermissionFlowTest
INSTRUMENTATION_STATUS: current=140
INSTRUMENTATION_STATUS: id=AndroidJUnitRunner
INSTRUMENTATION_STATUS: numtests=152
INSTRUMENTATION_STATUS: stream=
com.yangchengwei.easytrip.workspace.WorkspacePermissionFlowTest:
INSTRUMENTATION_STATUS: test=locationRationaleUsesJFhZ7CopyAndOnlyContinueConfirms
INSTRUMENTATION_STATUS_CODE: 1
INSTRUMENTATION_STATUS: class=com.yangchengwei.easytrip.workspace.WorkspacePermissionFlowTest
INSTRUMENTATION_STATUS: current=140
INSTRUMENTATION_STATUS: id=AndroidJUnitRunner
INSTRUMENTATION_STATUS: numtests=152
INSTRUMENTATION_STATUS: stream=.
INSTRUMENTATION_STATUS: test=locationRationaleUsesJFhZ7CopyAndOnlyContinueConfirms
INSTRUMENTATION_STATUS_CODE: 0
INSTRUMENTATION_STATUS: class=com.yangchengwei.easytrip.workspace.WorkspacePermissionFlowTest
INSTRUMENTATION_STATUS: current=141
INSTRUMENTATION_STATUS: id=AndroidJUnitRunner
INSTRUMENTATION_STATUS: numtests=152
INSTRUMENTATION_STATUS: stream=
INSTRUMENTATION_STATUS: test=locationSettingsCancelOnlyDismisses
INSTRUMENTATION_STATUS_CODE: 1
INSTRUMENTATION_STATUS: class=com.yangchengwei.easytrip.workspace.WorkspacePermissionFlowTest
INSTRUMENTATION_STATUS: current=141
INSTRUMENTATION_STATUS: id=AndroidJUnitRunner
INSTRUMENTATION_STATUS: numtests=152
INSTRUMENTATION_STATUS: stream=.
INSTRUMENTATION_STATUS: test=locationSettingsCancelOnlyDismisses
INSTRUMENTATION_STATUS_CODE: 0
INSTRUMENTATION_STATUS: class=com.yangchengwei.easytrip.workspace.WorkspacePermissionFlowTest
INSTRUMENTATION_STATUS: current=142
INSTRUMENTATION_STATUS: id=AndroidJUnitRunner
INSTRUMENTATION_STATUS: numtests=152
INSTRUMENTATION_STATUS: stream=
INSTRUMENTATION_STATUS: test=declinedConsentShowsMapServiceDisabledRecovery
INSTRUMENTATION_STATUS_CODE: 1
INSTRUMENTATION_STATUS: class=com.yangchengwei.easytrip.workspace.WorkspacePermissionFlowTest
INSTRUMENTATION_STATUS: current=142
INSTRUMENTATION_STATUS: id=AndroidJUnitRunner
INSTRUMENTATION_STATUS: numtests=152
INSTRUMENTATION_STATUS: stream=.
INSTRUMENTATION_STATUS: test=declinedConsentShowsMapServiceDisabledRecovery
INSTRUMENTATION_STATUS_CODE: 0
INSTRUMENTATION_STATUS: class=com.yangchengwei.easytrip.workspace.WorkspacePermissionFlowTest
INSTRUMENTATION_STATUS: current=143
INSTRUMENTATION_STATUS: id=AndroidJUnitRunner
INSTRUMENTATION_STATUS: numtests=152
INSTRUMENTATION_STATUS: stream=
INSTRUMENTATION_STATUS: test=mapControlsAlwaysOfferLocation
INSTRUMENTATION_STATUS_CODE: 1
INSTRUMENTATION_STATUS: class=com.yangchengwei.easytrip.workspace.WorkspacePermissionFlowTest
INSTRUMENTATION_STATUS: current=143
INSTRUMENTATION_STATUS: id=AndroidJUnitRunner
INSTRUMENTATION_STATUS: numtests=152
INSTRUMENTATION_STATUS: stream=.
INSTRUMENTATION_STATUS: test=mapControlsAlwaysOfferLocation
INSTRUMENTATION_STATUS_CODE: 0
INSTRUMENTATION_STATUS: class=com.yangchengwei.easytrip.workspace.WorkspacePermissionFlowTest
INSTRUMENTATION_STATUS: current=144
INSTRUMENTATION_STATUS: id=AndroidJUnitRunner
INSTRUMENTATION_STATUS: numtests=152
INSTRUMENTATION_STATUS: stream=
INSTRUMENTATION_STATUS: test=mapLoadingAndFailureRemainAccessibleAt280DpWithTwoTimesFontScale
INSTRUMENTATION_STATUS_CODE: 1
INSTRUMENTATION_STATUS: class=com.yangchengwei.easytrip.workspace.WorkspacePermissionFlowTest
INSTRUMENTATION_STATUS: current=144
INSTRUMENTATION_STATUS: id=AndroidJUnitRunner
INSTRUMENTATION_STATUS: numtests=152
INSTRUMENTATION_STATUS: stream=.
INSTRUMENTATION_STATUS: test=mapLoadingAndFailureRemainAccessibleAt280DpWithTwoTimesFontScale
INSTRUMENTATION_STATUS_CODE: 0
INSTRUMENTATION_STATUS: class=com.yangchengwei.easytrip.workspace.WorkspacePermissionFlowTest
INSTRUMENTATION_STATUS: current=145
INSTRUMENTATION_STATUS: id=AndroidJUnitRunner
INSTRUMENTATION_STATUS: numtests=152
INSTRUMENTATION_STATUS: stream=
INSTRUMENTATION_STATUS: test=mapFailureShowsRetryInsteadOfConsentAction
INSTRUMENTATION_STATUS_CODE: 1
INSTRUMENTATION_STATUS: class=com.yangchengwei.easytrip.workspace.WorkspacePermissionFlowTest
INSTRUMENTATION_STATUS: current=145
INSTRUMENTATION_STATUS: id=AndroidJUnitRunner
INSTRUMENTATION_STATUS: numtests=152
INSTRUMENTATION_STATUS: stream=.
INSTRUMENTATION_STATUS: test=mapFailureShowsRetryInsteadOfConsentAction
INSTRUMENTATION_STATUS_CODE: 0
INSTRUMENTATION_STATUS: class=com.yangchengwei.easytrip.workspace.WorkspacePermissionFlowTest
INSTRUMENTATION_STATUS: current=146
INSTRUMENTATION_STATUS: id=AndroidJUnitRunner
INSTRUMENTATION_STATUS: numtests=152
INSTRUMENTATION_STATUS: stream=
INSTRUMENTATION_STATUS: test=locationSettingsBodyActionsRemainReachableAt280dpWithTwoTimesFontScale
INSTRUMENTATION_STATUS_CODE: 1
INSTRUMENTATION_STATUS: class=com.yangchengwei.easytrip.workspace.WorkspacePermissionFlowTest
INSTRUMENTATION_STATUS: current=146
INSTRUMENTATION_STATUS: id=AndroidJUnitRunner
INSTRUMENTATION_STATUS: numtests=152
INSTRUMENTATION_STATUS: stream=.
INSTRUMENTATION_STATUS: test=locationSettingsBodyActionsRemainReachableAt280dpWithTwoTimesFontScale
INSTRUMENTATION_STATUS_CODE: 0
INSTRUMENTATION_STATUS: class=com.yangchengwei.easytrip.workspace.WorkspacePermissionFlowTest
INSTRUMENTATION_STATUS: current=147
INSTRUMENTATION_STATUS: id=AndroidJUnitRunner
INSTRUMENTATION_STATUS: numtests=152
INSTRUMENTATION_STATUS: stream=
INSTRUMENTATION_STATUS: test=permissionExplanationShowsLaunchFailurePolitelyAndBusyDisablesContinue
INSTRUMENTATION_STATUS_CODE: 1
INSTRUMENTATION_STATUS: class=com.yangchengwei.easytrip.workspace.WorkspacePermissionFlowTest
INSTRUMENTATION_STATUS: current=147
INSTRUMENTATION_STATUS: id=AndroidJUnitRunner
INSTRUMENTATION_STATUS: numtests=152
INSTRUMENTATION_STATUS: stream=.
INSTRUMENTATION_STATUS: test=permissionExplanationShowsLaunchFailurePolitelyAndBusyDisablesContinue
INSTRUMENTATION_STATUS_CODE: 0
INSTRUMENTATION_STATUS: class=com.yangchengwei.easytrip.workspace.WorkspacePermissionFlowTest
INSTRUMENTATION_STATUS: current=148
INSTRUMENTATION_STATUS: id=AndroidJUnitRunner
INSTRUMENTATION_STATUS: numtests=152
INSTRUMENTATION_STATUS: stream=
INSTRUMENTATION_STATUS: test=loadingAndFailureUseTheApprovedMapRecoveryCopy
INSTRUMENTATION_STATUS_CODE: 1
INSTRUMENTATION_STATUS: class=com.yangchengwei.easytrip.workspace.WorkspacePermissionFlowTest
INSTRUMENTATION_STATUS: current=148
INSTRUMENTATION_STATUS: id=AndroidJUnitRunner
INSTRUMENTATION_STATUS: numtests=152
INSTRUMENTATION_STATUS: stream=.
INSTRUMENTATION_STATUS: test=loadingAndFailureUseTheApprovedMapRecoveryCopy
INSTRUMENTATION_STATUS_CODE: 0
INSTRUMENTATION_STATUS: class=com.yangchengwei.easytrip.workspace.WorkspacePermissionFlowTest
INSTRUMENTATION_STATUS: current=149
INSTRUMENTATION_STATUS: id=AndroidJUnitRunner
INSTRUMENTATION_STATUS: numtests=152
INSTRUMENTATION_STATUS: stream=
INSTRUMENTATION_STATUS: test=locationSettingsUsesHYCsZCopyAndSeparatesOpenFromCancel
INSTRUMENTATION_STATUS_CODE: 1
INSTRUMENTATION_STATUS: class=com.yangchengwei.easytrip.workspace.WorkspacePermissionFlowTest
INSTRUMENTATION_STATUS: current=149
INSTRUMENTATION_STATUS: id=AndroidJUnitRunner
INSTRUMENTATION_STATUS: numtests=152
INSTRUMENTATION_STATUS: stream=.
INSTRUMENTATION_STATUS: test=locationSettingsUsesHYCsZCopyAndSeparatesOpenFromCancel
INSTRUMENTATION_STATUS_CODE: 0
INSTRUMENTATION_STATUS: class=com.yangchengwei.easytrip.workspace.WorkspacePermissionFlowTest
INSTRUMENTATION_STATUS: current=150
INSTRUMENTATION_STATUS: id=AndroidJUnitRunner
INSTRUMENTATION_STATUS: numtests=152
INSTRUMENTATION_STATUS: stream=
INSTRUMENTATION_STATUS: test=locationSettingsBusyConsumesRepeatedClicksAndFailureRestoresRetry
INSTRUMENTATION_STATUS_CODE: 1
INSTRUMENTATION_STATUS: class=com.yangchengwei.easytrip.workspace.WorkspacePermissionFlowTest
INSTRUMENTATION_STATUS: current=150
INSTRUMENTATION_STATUS: id=AndroidJUnitRunner
INSTRUMENTATION_STATUS: numtests=152
INSTRUMENTATION_STATUS: stream=.
INSTRUMENTATION_STATUS: test=locationSettingsBusyConsumesRepeatedClicksAndFailureRestoresRetry
INSTRUMENTATION_STATUS_CODE: 0
INSTRUMENTATION_STATUS: class=com.yangchengwei.easytrip.workspace.WorkspacePermissionFlowTest
INSTRUMENTATION_STATUS: current=151
INSTRUMENTATION_STATUS: id=AndroidJUnitRunner
INSTRUMENTATION_STATUS: numtests=152
INSTRUMENTATION_STATUS: stream=
INSTRUMENTATION_STATUS: test=mapConsentBodyKeepsScrollableCopyAndActionsReachableAt280DpTwoTimesFont
INSTRUMENTATION_STATUS_CODE: 1
INSTRUMENTATION_STATUS: class=com.yangchengwei.easytrip.workspace.WorkspacePermissionFlowTest
INSTRUMENTATION_STATUS: current=151
INSTRUMENTATION_STATUS: id=AndroidJUnitRunner
INSTRUMENTATION_STATUS: numtests=152
INSTRUMENTATION_STATUS: stream=.
INSTRUMENTATION_STATUS: test=mapConsentBodyKeepsScrollableCopyAndActionsReachableAt280DpTwoTimesFont
INSTRUMENTATION_STATUS_CODE: 0
INSTRUMENTATION_STATUS: class=com.yangchengwei.easytrip.workspace.WorkspacePermissionFlowTest
INSTRUMENTATION_STATUS: current=152
INSTRUMENTATION_STATUS: id=AndroidJUnitRunner
INSTRUMENTATION_STATUS: numtests=152
INSTRUMENTATION_STATUS: stream=
INSTRUMENTATION_STATUS: test=locationExplanationBodyRemainsOrderedAndActionableAt280DpWithTwoTimesFontScale
INSTRUMENTATION_STATUS_CODE: 1
INSTRUMENTATION_STATUS: class=com.yangchengwei.easytrip.workspace.WorkspacePermissionFlowTest
INSTRUMENTATION_STATUS: current=152
INSTRUMENTATION_STATUS: id=AndroidJUnitRunner
INSTRUMENTATION_STATUS: numtests=152
INSTRUMENTATION_STATUS: stream=.
INSTRUMENTATION_STATUS: test=locationExplanationBodyRemainsOrderedAndActionableAt280DpWithTwoTimesFontScale
INSTRUMENTATION_STATUS_CODE: 0
INSTRUMENTATION_RESULT: stream=

Time: 201.815
There were 5 failures:
1) scrollingOtherTripsKeepsHeaderPrimaryAndCreateBoundsFixed(com.yangchengwei.easytrip.trip.ui.TripListContentTest)
java.lang.AssertionError: Failed to retrieve bounds of the node.
Reason: Expected exactly '1' node but could not find any node that satisfies: (TestTag = 'primary-trip-trip-primary')

	at androidx.compose.ui.test.SemanticsNodeInteraction.fetchOneOrThrow(SemanticsNodeInteraction.kt:178)
	at androidx.compose.ui.test.SemanticsNodeInteraction.fetchOneOrThrow$default(SemanticsNodeInteraction.kt:150)
	at androidx.compose.ui.test.SemanticsNodeInteraction.fetchSemanticsNode(SemanticsNodeInteraction.kt:84)
	at androidx.compose.ui.test.BoundsAssertionsKt.withUnclippedBoundsInRoot(BoundsAssertions.kt:259)
	at androidx.compose.ui.test.BoundsAssertionsKt.getUnclippedBoundsInRoot(BoundsAssertions.kt:150)
	at com.yangchengwei.easytrip.trip.ui.TripListContentTest.scrollingOtherTripsKeepsHeaderPrimaryAndCreateBoundsFixed(TripListContentTest.kt:300)
2) contentCreateActionIsA132By48RightAlignedFixedButton(com.yangchengwei.easytrip.trip.ui.TripListContentTest)
java.lang.AssertionError: Failed to retrieve bounds of the node.
Reason: Expected exactly '1' node but could not find any node that satisfies: (TestTag = 'primary-trip-trip-primary')

	at androidx.compose.ui.test.SemanticsNodeInteraction.fetchOneOrThrow(SemanticsNodeInteraction.kt:178)
	at androidx.compose.ui.test.SemanticsNodeInteraction.fetchOneOrThrow$default(SemanticsNodeInteraction.kt:150)
	at androidx.compose.ui.test.SemanticsNodeInteraction.fetchSemanticsNode(SemanticsNodeInteraction.kt:84)
	at androidx.compose.ui.test.BoundsAssertionsKt.withUnclippedBoundsInRoot(BoundsAssertions.kt:259)
	at androidx.compose.ui.test.BoundsAssertionsKt.getUnclippedBoundsInRoot(BoundsAssertions.kt:150)
	at com.yangchengwei.easytrip.trip.ui.TripListContentTest.contentCreateActionIsA132By48RightAlignedFixedButton(TripListContentTest.kt:188)
3) longNamesAtNarrowWidthAndLargeFontKeepActionsReachable(com.yangchengwei.easytrip.trip.ui.TripListContentTest)
java.lang.AssertionError: Assert failed: The component with TestTag = 'other-trip-trip-other' is not displayed!
	at androidx.compose.ui.test.AssertionsKt.assertIsDisplayed(Assertions.kt:34)
	at com.yangchengwei.easytrip.trip.ui.TripListContentTest.longNamesAtNarrowWidthAndLargeFontKeepActionsReachable(TripListContentTest.kt:464)
4) otherTripMenuIsBoundToStableTripId(com.yangchengwei.easytrip.trip.ui.TripListContentTest)
java.lang.AssertionError: Failed to inject touch input.
Reason: Expected exactly '1' node but could not find any node that satisfies: (TestTag = 'trip-menu-delete-trip-2')

	at androidx.compose.ui.test.SemanticsNodeInteraction.fetchOneOrThrow(SemanticsNodeInteraction.kt:178)
	at androidx.compose.ui.test.SemanticsNodeInteraction.fetchOneOrThrow$default(SemanticsNodeInteraction.kt:150)
	at androidx.compose.ui.test.SemanticsNodeInteraction.fetchSemanticsNode(SemanticsNodeInteraction.kt:84)
	at androidx.compose.ui.test.ActionsKt.performTouchInput(Actions.kt:402)
	at androidx.compose.ui.test.AndroidActions.performClickImpl(Actions.android.kt:23)
	at androidx.compose.ui.test.ActionsKt.performClick(Actions.kt:60)
	at com.yangchengwei.easytrip.trip.ui.TripListContentTest.otherTripMenuIsBoundToStableTripId(TripListContentTest.kt:409)
5) clearDatesIsReachableAtLargeFontWithoutOpeningPicker(com.yangchengwei.easytrip.trip.ui.CreateTripContentTest)
java.lang.AssertionError: Assert failed: The component with TestTag = 'create-clear-dates' is not displayed!
	at androidx.compose.ui.test.AssertionsKt.assertIsDisplayed(Assertions.kt:34)
	at com.yangchengwei.easytrip.trip.ui.CreateTripContentTest.clearDatesIsReachableAtLargeFontWithoutOpeningPicker(CreateTripContentTest.kt:209)

FAILURES!!!
Tests run: 152,  Failures: 5


INSTRUMENTATION_CODE: -1
